original_name,category,gbif_accepted_binomial,gbif_status,gbif_match_type,gbif_confidence,outcome
Acinonyx jubatus,cancer_only,Acinonyx jubatus,ACCEPTED,EXACT,99,NO_CROSS_CATEGORY_MATCH
Addax nasomaculatus,cancer_only,Addax nasomaculatus,ACCEPTED,EXACT,99,NO_CROSS_CATEGORY_MATCH
Ailurus fulgens,cancer_only,Ailurus fulgens,ACCEPTED,EXACT,99,NO_CROSS_CATEGORY_MATCH
Alces alces,cancer_only,Alces alces,ACCEPTED,EXACT,99,NO_CROSS_CATEGORY_MATCH
Alouatta caraya,cancer_only,Alouatta caraya,ACCEPTED,EXACT,99,NO_CROSS_CATEGORY_MATCH
Antidorcas marsupialis,cancer_only,Antidorcas marsupialis,ACCEPTED,EXACT,99,NO_CROSS_CATEGORY_MATCH
Antilocapra americana,cancer_only,Antilocapra americana,ACCEPTED,EXACT,99,NO_CROSS_CATEGORY_MATCH
Antilope cervicapra,cancer_only,Antilope cervicapra,ACCEPTED,EXACT,99,NO_CROSS_CATEGORY_MATCH
Aonyx cinerea,cancer_only,Amblonyx cinereus,SYNONYM,FUZZY,96,NO_CROSS_CATEGORY_MATCH
Arctictis binturong,cancer_only,Arctictis binturong,ACCEPTED,EXACT,99,NO_CROSS_CATEGORY_MATCH
Ateles fusciceps,cancer_only,Ateles fusciceps,ACCEPTED,EXACT,99,NO_CROSS_CATEGORY_MATCH
Ateles geoffroyi,cancer_only,Ateles geoffroyi,ACCEPTED,EXACT,99,NO_CROSS_CATEGORY_MATCH
Axis axis,cancer_only,Axis axis,ACCEPTED,EXACT,99,NO_CROSS_CATEGORY_MATCH
Axis porcinus,cancer_only,Axis porcinus,ACCEPTED,EXACT,99,NO_CROSS_CATEGORY_MATCH
Bettongia penicillata,cancer_only,Bettongia penicillata,ACCEPTED,EXACT,99,NO_CROSS_CATEGORY_MATCH
Bison bison,cancer_only,Bison bison,ACCEPTED,EXACT,99,NO_CROSS_CATEGORY_MATCH
Boselaphus tragocamelus,cancer_only,Boselaphus tragocamelus,ACCEPTED,EXACT,99,NO_CROSS_CATEGORY_MATCH
Budorcas taxicolor,cancer_only,Budorcas taxicolor,ACCEPTED,EXACT,99,NO_CROSS_CATEGORY_MATCH
Callithrix geoffroyi,cancer_only,Callithrix geoffroyi,ACCEPTED,EXACT,98,NO_CROSS_CATEGORY_MATCH
Callithrix jacchus,cancer_only,Callithrix jacchus,ACCEPTED,EXACT,99,NO_CROSS_CATEGORY_MATCH
Callosciurus prevostii,cancer_only,Callosciurus prevostii,ACCEPTED,EXACT,99,NO_CROSS_CATEGORY_MATCH
Canis mesomelas,cancer_only,Canis mesomelas,ACCEPTED,EXACT,99,NO_CROSS_CATEGORY_MATCH
Canis rufus,cancer_only,Canis lupus,SYNONYM,EXACT,98,NEW_OVERLAP_MATCH
Capra caucasica,cancer_only,Capra caucasica,ACCEPTED,EXACT,99,NO_CROSS_CATEGORY_MATCH
Capra falconeri,cancer_only,Capra falconeri,ACCEPTED,EXACT,99,NO_CROSS_CATEGORY_MATCH
Capra nubiana,cancer_only,Capra nubiana,ACCEPTED,EXACT,99,NO_CROSS_CATEGORY_MATCH
Caracal caracal,cancer_only,Caracal caracal,ACCEPTED,EXACT,99,NO_CROSS_CATEGORY_MATCH
Carollia perspicillata,cancer_only,Carollia perspicillata,ACCEPTED,EXACT,99,NO_CROSS_CATEGORY_MATCH
Cebuella pygmaea,cancer_only,Cebuella pygmaea,ACCEPTED,EXACT,99,NO_CROSS_CATEGORY_MATCH
Cercopithecus mitis,cancer_only,Cercopithecus mitis,ACCEPTED,EXACT,99,NO_CROSS_CATEGORY_MATCH
Cercopithecus neglectus,cancer_only,Cercopithecus neglectus,ACCEPTED,EXACT,99,NO_CROSS_CATEGORY_MATCH
Cervus canadensis,cancer_only,Cervus elaphus,SYNONYM,EXACT,98,EXTRA_SOURCE_FOR_EXISTING_OVERLAP_SPECIES
Cervus nippon,cancer_only,Cervus nippon,ACCEPTED,EXACT,99,NO_CROSS_CATEGORY_MATCH
Chrysocyon brachyurus,cancer_only,Chrysocyon brachyurus,ACCEPTED,EXACT,99,NO_CROSS_CATEGORY_MATCH
Colobus guereza,cancer_only,Colobus guereza,ACCEPTED,EXACT,99,NO_CROSS_CATEGORY_MATCH
Connochaetes gnou,cancer_only,Connochaetes gnou,ACCEPTED,EXACT,99,NO_CROSS_CATEGORY_MATCH
Ctenodactylus gundi,cancer_only,Ctenodactylus gundi,ACCEPTED,EXACT,99,NO_CROSS_CATEGORY_MATCH
Cuon alpinus,cancer_only,Cuon alpinus,ACCEPTED,EXACT,99,NO_CROSS_CATEGORY_MATCH
Cynictis penicillata,cancer_only,Cynictis penicillata,ACCEPTED,EXACT,97,NO_CROSS_CATEGORY_MATCH
Cynomys ludovicianus,cancer_only,Cynomys ludovicianus,ACCEPTED,EXACT,99,NO_CROSS_CATEGORY_MATCH
Dama mesopotamica,cancer_only,Dama dama,SYNONYM,EXACT,98,EXTRA_SOURCE_FOR_EXISTING_OVERLAP_SPECIES
Damaliscus pygargus,cancer_only,Damaliscus pygargus,ACCEPTED,EXACT,99,NO_CROSS_CATEGORY_MATCH
Dasyprocta azarae,cancer_only,Dasyprocta azarae,ACCEPTED,EXACT,99,NO_CROSS_CATEGORY_MATCH
Dasyprocta leporina,cancer_only,Dasyprocta leporina,ACCEPTED,EXACT,99,NO_CROSS_CATEGORY_MATCH
Dasypus novemcinctus,cancer_only,Dasypus novemcinctus,ACCEPTED,EXACT,99,NO_CROSS_CATEGORY_MATCH
Dasyuroides byrnei,cancer_only,Dasyuroides byrnei,ACCEPTED,EXACT,99,NO_CROSS_CATEGORY_MATCH
Dendrolagus matschiei,cancer_only,Dendrolagus matschiei,ACCEPTED,EXACT,99,NO_CROSS_CATEGORY_MATCH
Desmodus rotundus,cancer_only,Desmodus rotundus,ACCEPTED,EXACT,99,NO_CROSS_CATEGORY_MATCH
Didelphis virginiana,cancer_only,Didelphis virginiana,ACCEPTED,EXACT,99,NO_CROSS_CATEGORY_MATCH
Dolichotis patagonum,cancer_only,Dolichotis patagonum,ACCEPTED,EXACT,99,NO_CROSS_CATEGORY_MATCH
Echinops telfairi,cancer_only,Echinops telfairi,ACCEPTED,EXACT,99,NO_CROSS_CATEGORY_MATCH
Eidolon helvum,cancer_only,Eidolon helvum,ACCEPTED,EXACT,99,NO_CROSS_CATEGORY_MATCH
Elaphurus davidianus,cancer_only,Elaphurus davidianus,ACCEPTED,EXACT,99,NO_CROSS_CATEGORY_MATCH
Equus grevyi,cancer_only,Equus grevyi,ACCEPTED,EXACT,99,NO_CROSS_CATEGORY_MATCH
Equus zebra,cancer_only,Equus zebra,ACCEPTED,EXACT,99,NO_CROSS_CATEGORY_MATCH
Erythrocebus patas,cancer_only,Erythrocebus patas,ACCEPTED,EXACT,99,NO_CROSS_CATEGORY_MATCH
Eudorcas thomsonii,cancer_only,Eudorcas thomsonii,ACCEPTED,EXACT,99,NO_CROSS_CATEGORY_MATCH
Galago senegalensis,cancer_only,Galago senegalensis,ACCEPTED,EXACT,99,NO_CROSS_CATEGORY_MATCH
Gazella cuvieri,cancer_only,Gazella cuvieri,ACCEPTED,EXACT,99,NO_CROSS_CATEGORY_MATCH
Gazella dorcas,cancer_only,Gazella dorcas,ACCEPTED,EXACT,99,NO_CROSS_CATEGORY_MATCH
Gazella leptoceros,cancer_only,Gazella leptoceros,ACCEPTED,EXACT,99,NO_CROSS_CATEGORY_MATCH
Gazella marica,cancer_only,Gazella marica,ACCEPTED,EXACT,99,NO_CROSS_CATEGORY_MATCH
Helogale parvula,cancer_only,Helogale parvula,ACCEPTED,EXACT,99,NO_CROSS_CATEGORY_MATCH
Heterocephalus glaber,cancer_only,Heterocephalus glaber,ACCEPTED,EXACT,99,NO_CROSS_CATEGORY_MATCH
Hippotragus equinus,cancer_only,Hippotragus equinus,ACCEPTED,EXACT,97,NO_CROSS_CATEGORY_MATCH
Hippotragus niger,cancer_only,Hippotragus niger,ACCEPTED,EXACT,99,NO_CROSS_CATEGORY_MATCH
Hydrochaeris hydrochaeris,cancer_only,Hydrochoerus hydrochaeris,SYNONYM,EXACT,98,NO_CROSS_CATEGORY_MATCH
Hydrochoerus hydrochaeris,cancer_only,Hydrochoerus hydrochaeris,ACCEPTED,EXACT,99,NO_CROSS_CATEGORY_MATCH
Hystrix africaeaustralis,cancer_only,Hystrix africaeaustralis,ACCEPTED,EXACT,99,NO_CROSS_CATEGORY_MATCH
Hystrix indica,cancer_only,Hystrix indica,ACCEPTED,EXACT,99,NO_CROSS_CATEGORY_MATCH
Jaculus jaculus,cancer_only,Jaculus jaculus,ACCEPTED,EXACT,99,NO_CROSS_CATEGORY_MATCH
Kobus ellipsiprymnus,cancer_only,Kobus ellipsiprymnus,ACCEPTED,EXACT,99,NO_CROSS_CATEGORY_MATCH
Kobus leche,cancer_only,Kobus leche,ACCEPTED,EXACT,99,NO_CROSS_CATEGORY_MATCH
Lagurus lagurus,cancer_only,Lagurus lagurus,ACCEPTED,EXACT,99,NO_CROSS_CATEGORY_MATCH
Leontopithecus chrysomelas,cancer_only,Leontopithecus chrysomelas,ACCEPTED,EXACT,99,NO_CROSS_CATEGORY_MATCH
Leontopithecus rosalia,cancer_only,Leontopithecus rosalia,ACCEPTED,EXACT,99,NO_CROSS_CATEGORY_MATCH
Leopardus pardalis,cancer_only,Leopardus pardalis,ACCEPTED,EXACT,99,NO_CROSS_CATEGORY_MATCH
Leptailurus serval,cancer_only,Leptailurus serval,ACCEPTED,EXACT,99,NO_CROSS_CATEGORY_MATCH
Litocranius walleri,cancer_only,Litocranius walleri,ACCEPTED,EXACT,99,NO_CROSS_CATEGORY_MATCH
Lontra canadensis,cancer_only,Lontra canadensis,ACCEPTED,EXACT,99,NO_CROSS_CATEGORY_MATCH
Macaca fascicularis,cancer_only,Macaca fascicularis,ACCEPTED,EXACT,99,NO_CROSS_CATEGORY_MATCH
Macaca nigra,cancer_only,Macaca nigra,ACCEPTED,EXACT,99,NO_CROSS_CATEGORY_MATCH
Macaca silenus,cancer_only,Macaca silenus,ACCEPTED,EXACT,99,NO_CROSS_CATEGORY_MATCH
Macaca sylvanus,cancer_only,Macaca sylvanus,ACCEPTED,EXACT,99,NO_CROSS_CATEGORY_MATCH
Macropus parma,cancer_only,Macropus parma,ACCEPTED,EXACT,99,NO_CROSS_CATEGORY_MATCH
Macropus robustus,cancer_only,Macropus robustus,ACCEPTED,EXACT,99,NO_CROSS_CATEGORY_MATCH
Macropus rufogriseus,cancer_only,Macropus rufogriseus,ACCEPTED,EXACT,99,NO_CROSS_CATEGORY_MATCH
Macropus rufus,cancer_only,Macropus rufus,ACCEPTED,EXACT,99,NO_CROSS_CATEGORY_MATCH
Macroscelides proboscideus,cancer_only,Macroscelides proboscideus,ACCEPTED,EXACT,99,NO_CROSS_CATEGORY_MATCH
Madoqua kirkii,cancer_only,Madoqua kirkii,ACCEPTED,EXACT,99,NO_CROSS_CATEGORY_MATCH
Mico argentatus,cancer_only,Mico argentatus,ACCEPTED,EXACT,99,NO_CROSS_CATEGORY_MATCH
Mico melanurus,cancer_only,Mico melanurus,ACCEPTED,EXACT,99,NO_CROSS_CATEGORY_MATCH
Microcebus murinus,cancer_only,Microcebus murinus,ACCEPTED,EXACT,99,NO_CROSS_CATEGORY_MATCH
Mungos mungo,cancer_only,Mungos mungo,ACCEPTED,EXACT,99,NO_CROSS_CATEGORY_MATCH
Muntiacus muntjak,cancer_only,Muntiacus muntjak,ACCEPTED,EXACT,99,NO_CROSS_CATEGORY_MATCH
Muntiacus reevesi,cancer_only,Muntiacus reevesi,ACCEPTED,EXACT,99,NO_CROSS_CATEGORY_MATCH
Mustela lutreola,cancer_only,Mustela lutreola,ACCEPTED,EXACT,99,NO_CROSS_CATEGORY_MATCH
Mustela nigripes,cancer_only,Mustela nigripes,ACCEPTED,EXACT,99,NO_CROSS_CATEGORY_MATCH
Myocastor coypus,cancer_only,Myocastor coypus,ACCEPTED,EXACT,99,NO_CROSS_CATEGORY_MATCH
Nanger dama,cancer_only,Nanger dama,ACCEPTED,EXACT,99,NO_CROSS_CATEGORY_MATCH
Neofelis nebulosa,cancer_only,Neofelis nebulosa,ACCEPTED,EXACT,99,NO_CROSS_CATEGORY_MATCH
Oryx beisa,cancer_only,Oryx beisa,ACCEPTED,EXACT,99,NO_CROSS_CATEGORY_MATCH
Oryx dammah,cancer_only,Oryx dammah,ACCEPTED,EXACT,99,NO_CROSS_CATEGORY_MATCH
Oryx gazella,cancer_only,Oryx gazella,ACCEPTED,EXACT,99,NO_CROSS_CATEGORY_MATCH
Oryx leucoryx,cancer_only,Oryx leucoryx,ACCEPTED,EXACT,99,NO_CROSS_CATEGORY_MATCH
Otocolobus manul,cancer_only,Felis manul,SYNONYM,EXACT,98,NO_CROSS_CATEGORY_MATCH
Otocyon megalotis,cancer_only,Otocyon megalotis,ACCEPTED,EXACT,99,NO_CROSS_CATEGORY_MATCH
Ovibos moschatus,cancer_only,Ovibos moschatus,ACCEPTED,EXACT,99,NO_CROSS_CATEGORY_MATCH
Pachyuromys duprasi,cancer_only,Pachyuromys duprasi,ACCEPTED,EXACT,99,NO_CROSS_CATEGORY_MATCH
Panthera uncia,cancer_only,Uncia uncia,SYNONYM,EXACT,98,NO_CROSS_CATEGORY_MATCH
Papio hamadryas,cancer_only,Papio hamadryas,ACCEPTED,EXACT,99,NO_CROSS_CATEGORY_MATCH
Pecari tajacu,cancer_only,Pecari tajacu,ACCEPTED,EXACT,99,NO_CROSS_CATEGORY_MATCH
Petaurus breviceps,cancer_only,Petaurus breviceps,ACCEPTED,EXACT,99,NO_CROSS_CATEGORY_MATCH
Phacochoerus africanus,cancer_only,Phacochoerus africanus,ACCEPTED,EXACT,99,NO_CROSS_CATEGORY_MATCH
Pithecia pithecia,cancer_only,Pithecia pithecia,ACCEPTED,EXACT,99,NO_CROSS_CATEGORY_MATCH
Potamochoerus porcus,cancer_only,Potamochoerus porcus,ACCEPTED,EXACT,99,NO_CROSS_CATEGORY_MATCH
Prionailurus bengalensis,cancer_only,Prionailurus bengalensis,ACCEPTED,EXACT,99,NO_CROSS_CATEGORY_MATCH
Prionailurus viverrinus,cancer_only,Prionailurus viverrinus,ACCEPTED,EXACT,99,NO_CROSS_CATEGORY_MATCH
Procavia capensis,cancer_only,Procavia capensis,ACCEPTED,EXACT,99,NO_CROSS_CATEGORY_MATCH
Pseudois nayaur,cancer_only,Pseudois nayaur,ACCEPTED,EXACT,99,NO_CROSS_CATEGORY_MATCH
Pteropus giganteus,cancer_only,Pteropus vampyrus,SYNONYM,EXACT,98,NO_CROSS_CATEGORY_MATCH
Pteropus lylei,cancer_only,Pteropus lylei,ACCEPTED,EXACT,99,NO_CROSS_CATEGORY_MATCH
Pteropus rodricensis,cancer_only,Pteropus rodricensis,ACCEPTED,EXACT,99,NO_CROSS_CATEGORY_MATCH
Pteropus vampyrus,cancer_only,Pteropus vampyrus,ACCEPTED,EXACT,99,NO_CROSS_CATEGORY_MATCH
Pudu puda,cancer_only,Pudu puda,ACCEPTED,EXACT,99,NO_CROSS_CATEGORY_MATCH
Puma concolor,cancer_only,Puma concolor,ACCEPTED,EXACT,99,NO_CROSS_CATEGORY_MATCH
Rangifer tarandus,cancer_only,Rangifer tarandus,ACCEPTED,EXACT,99,NO_CROSS_CATEGORY_MATCH
Rhabdomys pumilio,cancer_only,Rhabdomys pumilio,ACCEPTED,EXACT,99,NO_CROSS_CATEGORY_MATCH
Rousettus aegyptiacus,cancer_only,Rousettus aegyptiacus,ACCEPTED,EXACT,99,NO_CROSS_CATEGORY_MATCH
Rousettus leschenaultii,cancer_only,Rousettus leschenaultii,ACCEPTED,EXACT,99,NO_CROSS_CATEGORY_MATCH
Rucervus duvaucelii,cancer_only,Rucervus duvaucelii,ACCEPTED,EXACT,99,NO_CROSS_CATEGORY_MATCH
Rucervus eldii,cancer_only,Rucervus eldii,ACCEPTED,EXACT,99,NO_CROSS_CATEGORY_MATCH
Rusa alfredi,cancer_only,Rusa alfredi,ACCEPTED,EXACT,99,NO_CROSS_CATEGORY_MATCH
Saguinus bicolor,cancer_only,Saguinus bicolor,ACCEPTED,EXACT,99,NO_CROSS_CATEGORY_MATCH
Saguinus labiatus,cancer_only,Saguinus labiatus,ACCEPTED,EXACT,99,NO_CROSS_CATEGORY_MATCH
Saguinus midas,cancer_only,Saguinus midas,ACCEPTED,EXACT,99,NO_CROSS_CATEGORY_MATCH
Saimiri sciureus,cancer_only,Saimiri sciureus,ACCEPTED,EXACT,99,NO_CROSS_CATEGORY_MATCH
Sapajus apella,cancer_only,Sapajus apella,ACCEPTED,EXACT,99,NO_CROSS_CATEGORY_MATCH
Sarcophilus harrisii,cancer_only,Sarcophilus harrisii,ACCEPTED,EXACT,99,NO_CROSS_CATEGORY_MATCH
Speothos venaticus,cancer_only,Speothos venaticus,ACCEPTED,EXACT,99,NO_CROSS_CATEGORY_MATCH
Tapirus indicus,cancer_only,Acrocodia indica,SYNONYM,EXACT,98,NO_CROSS_CATEGORY_MATCH
Tapirus terrestris,cancer_only,Tapirus terrestris,ACCEPTED,EXACT,99,NO_CROSS_CATEGORY_MATCH
Tarsius syrichta,cancer_only,Carlito syrichta,SYNONYM,EXACT,98,NO_CROSS_CATEGORY_MATCH
Theropithecus gelada,cancer_only,Theropithecus gelada,ACCEPTED,EXACT,99,NO_CROSS_CATEGORY_MATCH
Tragelaphus angasii,cancer_only,Tragelaphus angasii,ACCEPTED,EXACT,98,NO_CROSS_CATEGORY_MATCH
Tragelaphus eurycerus,cancer_only,Tragelaphus eurycerus,ACCEPTED,EXACT,99,NO_CROSS_CATEGORY_MATCH
Tragelaphus imberbis,cancer_only,Tragelaphus imberbis,ACCEPTED,EXACT,99,NO_CROSS_CATEGORY_MATCH
Tragelaphus oryx,cancer_only,Taurotragus oryx,SYNONYM,EXACT,98,NEW_OVERLAP_MATCH
Tragelaphus strepsiceros,cancer_only,Tragelaphus strepsiceros,ACCEPTED,EXACT,99,NO_CROSS_CATEGORY_MATCH
Tragulus javanicus,cancer_only,Tragulus javanicus,ACCEPTED,EXACT,97,NO_CROSS_CATEGORY_MATCH
Tupaia glis,cancer_only,Tupaia glis,ACCEPTED,EXACT,99,NO_CROSS_CATEGORY_MATCH
Ursus maritimus,cancer_only,Ursus maritimus,ACCEPTED,EXACT,98,NO_CROSS_CATEGORY_MATCH
Vulpes zerda,cancer_only,Vulpes zerda,ACCEPTED,EXACT,99,NO_CROSS_CATEGORY_MATCH
Zalophus californianus,cancer_only,Zalophus californianus,ACCEPTED,EXACT,99,NO_CROSS_CATEGORY_MATCH
Abramis brama,microbiome_only,Abramis brama,ACCEPTED,EXACT,97,NO_CROSS_CATEGORY_MATCH
Acanthiza uropygialis,microbiome_only,Acanthiza uropygialis,ACCEPTED,EXACT,99,NO_CROSS_CATEGORY_MATCH
Accipiter nisus,microbiome_only,Accipiter nisus,ACCEPTED,EXACT,99,NO_CROSS_CATEGORY_MATCH
Acrocephalus scirpaceus,microbiome_only,Acrocephalus scirpaceus,ACCEPTED,EXACT,99,NO_CROSS_CATEGORY_MATCH
African wild,microbiome_only,,,,,UNRESOLVED_BY_GBIF
Alburnus alburnus,microbiome_only,Alburnus alburnus,ACCEPTED,EXACT,99,NO_CROSS_CATEGORY_MATCH
Anas crecca,microbiome_only,Anas crecca,ACCEPTED,EXACT,99,NO_CROSS_CATEGORY_MATCH
Anas platyrhynchos,microbiome_only,Anas platyrhynchos,ACCEPTED,EXACT,99,NO_CROSS_CATEGORY_MATCH
Anguis fragilis,microbiome_only,Anguis fragilis,ACCEPTED,EXACT,99,NO_CROSS_CATEGORY_MATCH
Anser anser,microbiome_only,Anser anser,ACCEPTED,EXACT,99,NO_CROSS_CATEGORY_MATCH
Apodemus flavicollis,microbiome_only,Apodemus flavicollis,ACCEPTED,EXACT,99,NO_CROSS_CATEGORY_MATCH
Apodemus sylvaticus,microbiome_only,Apodemus sylvaticus,ACCEPTED,EXACT,99,NO_CROSS_CATEGORY_MATCH
Arctocephalus pusillus,microbiome_only,Arctocephalus pusillus,ACCEPTED,EXACT,99,NO_CROSS_CATEGORY_MATCH
Ardea cinerea,microbiome_only,Ardea cinerea,ACCEPTED,EXACT,99,NO_CROSS_CATEGORY_MATCH
Asiatic elephant,microbiome_only,,,,,UNRESOLVED_BY_GBIF
Asiatic tapir,microbiome_only,,,,,UNRESOLVED_BY_GBIF
Asio otus,microbiome_only,Asio otus,ACCEPTED,EXACT,99,NO_CROSS_CATEGORY_MATCH
Aspius aspius,microbiome_only,Leuciscus aspius,SYNONYM,EXACT,98,NO_CROSS_CATEGORY_MATCH
Balaenoptera borealis,microbiome_only,Balaenoptera borealis,ACCEPTED,EXACT,99,NO_CROSS_CATEGORY_MATCH
Blicca bjoerkna,microbiome_only,Blicca bjoerkna,ACCEPTED,EXACT,99,NO_CROSS_CATEGORY_MATCH
Bos frontalis,microbiome_only,Bos frontalis,ACCEPTED,EXACT,99,NO_CROSS_CATEGORY_MATCH
Bos javanicus,microbiome_only,Bos javanicus,ACCEPTED,EXACT,99,NO_CROSS_CATEGORY_MATCH
Bos primigenius,microbiome_only,Bos taurus,SYNONYM,EXACT,98,NO_CROSS_CATEGORY_MATCH
Bos taurus,microbiome_only,Bos taurus,ACCEPTED,EXACT,99,NO_CROSS_CATEGORY_MATCH
Bradypus variegatus,microbiome_only,Bradypus variegatus,ACCEPTED,EXACT,99,NO_CROSS_CATEGORY_MATCH
Branta leucopsis,microbiome_only,Branta leucopsis,ACCEPTED,EXACT,99,NO_CROSS_CATEGORY_MATCH
Bufo bufo,microbiome_only,Bufo bufo,ACCEPTED,EXACT,99,NO_CROSS_CATEGORY_MATCH
Bufo viridis,microbiome_only,Bufotes viridis,SYNONYM,EXACT,98,NO_CROSS_CATEGORY_MATCH
Camelus bactrianus,microbiome_only,Camelus bactrianus,ACCEPTED,EXACT,99,NO_CROSS_CATEGORY_MATCH
Camelus dromedarius,microbiome_only,Camelus dromedarius,ACCEPTED,EXACT,99,NO_CROSS_CATEGORY_MATCH
Canis aureus,microbiome_only,Canis aureus,ACCEPTED,EXACT,99,NO_CROSS_CATEGORY_MATCH
Canis lupus,microbiome_only,Canis lupus,ACCEPTED,EXACT,99,NEW_OVERLAP_MATCH
Capra aegagrus,microbiome_only,Capra hircus,SYNONYM,EXACT,98,NO_CROSS_CATEGORY_MATCH
Capra hircus,microbiome_only,Capra hircus,ACCEPTED,EXACT,99,NO_CROSS_CATEGORY_MATCH
Capreolus capreolus,microbiome_only,Capreolus capreolus,ACCEPTED,EXACT,99,NO_CROSS_CATEGORY_MATCH
Caprimulgus europaeus,microbiome_only,Caprimulgus europaeus,ACCEPTED,EXACT,99,NO_CROSS_CATEGORY_MATCH
Capybara,microbiome_only,,,,,UNRESOLVED_BY_GBIF
Carassius gibelio,microbiome_only,Carassius gibelio,ACCEPTED,EXACT,99,NO_CROSS_CATEGORY_MATCH
Carduelis chloris,microbiome_only,Chloris chloris,SYNONYM,EXACT,98,NO_CROSS_CATEGORY_MATCH
Castor fiber,microbiome_only,Castor fiber,ACCEPTED,EXACT,99,NO_CROSS_CATEGORY_MATCH
Cebus olivaceus,microbiome_only,Cebus olivaceus,ACCEPTED,EXACT,99,NO_CROSS_CATEGORY_MATCH
Ceratotherium simum,microbiome_only,Ceratotherium simum,ACCEPTED,EXACT,99,NO_CROSS_CATEGORY_MATCH
Cercocebus torquatus,microbiome_only,Cercocebus torquatus,ACCEPTED,EXACT,99,NO_CROSS_CATEGORY_MATCH
Cervus unicolor,microbiome_only,Rusa unicolor,SYNONYM,EXACT,98,NO_CROSS_CATEGORY_MATCH
Chaetophractus villosus,microbiome_only,Chaetophractus villosus,ACCEPTED,EXACT,99,NO_CROSS_CATEGORY_MATCH
Chlorocebus pygerythrus,microbiome_only,Chlorocebus pygerythrus,ACCEPTED,EXACT,99,NO_CROSS_CATEGORY_MATCH
Choloepus hoffmanni,microbiome_only,Choloepus hoffmanni,ACCEPTED,EXACT,99,NO_CROSS_CATEGORY_MATCH
Chondrostoma nasus,microbiome_only,Chondrostoma nasus,ACCEPTED,EXACT,99,NO_CROSS_CATEGORY_MATCH
Chrysococcyx basalis,microbiome_only,Chrysococcyx basalis,ACCEPTED,EXACT,99,NO_CROSS_CATEGORY_MATCH
Ciconia ciconia,microbiome_only,Ciconia ciconia,ACCEPTED,EXACT,99,NO_CROSS_CATEGORY_MATCH
Circus aeruginosus,microbiome_only,Circus aeruginosus,ACCEPTED,EXACT,99,NO_CROSS_CATEGORY_MATCH
Corvus corone,microbiome_only,Corvus corone,ACCEPTED,EXACT,99,NO_CROSS_CATEGORY_MATCH
Corvus frugilegus,microbiome_only,Corvus frugilegus,ACCEPTED,EXACT,99,NO_CROSS_CATEGORY_MATCH
Crocidura suaveolens,microbiome_only,Crocidura suaveolens,ACCEPTED,EXACT,99,NO_CROSS_CATEGORY_MATCH
Crocodylus moreletii,microbiome_only,Crocodylus moreletii,ACCEPTED,EXACT,99,NO_CROSS_CATEGORY_MATCH
Crocodylus niloticus,microbiome_only,Crocodylus niloticus,ACCEPTED,EXACT,99,NO_CROSS_CATEGORY_MATCH
Cygnus olor,microbiome_only,Cygnus olor,ACCEPTED,EXACT,99,NO_CROSS_CATEGORY_MATCH
Cyprinus carpio,microbiome_only,Cyprinus carpio,ACCEPTED,EXACT,99,NO_CROSS_CATEGORY_MATCH
Delichon urbicum,microbiome_only,Delichon urbicum,ACCEPTED,EXACT,99,NO_CROSS_CATEGORY_MATCH
Delphinus delphis,microbiome_only,Delphinus delphis,ACCEPTED,EXACT,99,NO_CROSS_CATEGORY_MATCH
Dendrocopos major,microbiome_only,Dendrocopos major,ACCEPTED,EXACT,99,NO_CROSS_CATEGORY_MATCH
Didelphis marsupialis,microbiome_only,Didelphis marsupialis,ACCEPTED,EXACT,99,NO_CROSS_CATEGORY_MATCH
Donkey,microbiome_only,,,,,UNRESOLVED_BY_GBIF
Dromaius novaehollandiae,microbiome_only,Dromaius novaehollandiae,ACCEPTED,EXACT,99,NO_CROSS_CATEGORY_MATCH
Elephas maximus,microbiome_only,Elephas maximus,ACCEPTED,EXACT,99,NO_CROSS_CATEGORY_MATCH
Eliomys quercinus,microbiome_only,Eliomys quercinus,ACCEPTED,EXACT,99,NO_CROSS_CATEGORY_MATCH
Eolophus roseicapilla,microbiome_only,Eolophus roseicapilla,ACCEPTED,EXACT,99,NO_CROSS_CATEGORY_MATCH
Eptesicus baverstocki,microbiome_only,Vespadelus baverstocki,SYNONYM,EXACT,98,NO_CROSS_CATEGORY_MATCH
Equus burchelli,microbiome_only,Equus quagga,SYNONYM,FUZZY,96,EXTRA_SOURCE_FOR_EXISTING_OVERLAP_SPECIES
Equus caballus,microbiome_only,Equus caballus,ACCEPTED,EXACT,99,NO_CROSS_CATEGORY_MATCH
Erinaceus europaeus,microbiome_only,Erinaceus europaeus,ACCEPTED,EXACT,99,NO_CROSS_CATEGORY_MATCH
Esox lucius,microbiome_only,Esox lucius,ACCEPTED,EXACT,99,NO_CROSS_CATEGORY_MATCH
European beaver,microbiome_only,,,,,UNRESOLVED_BY_GBIF
European rabbit,microbiome_only,,,,,UNRESOLVED_BY_GBIF
Falco tinnunculus,microbiome_only,Falco tinnunculus,ACCEPTED,EXACT,99,NO_CROSS_CATEGORY_MATCH
Felis catus,microbiome_only,Felis catus,ACCEPTED,EXACT,99,NO_CROSS_CATEGORY_MATCH
Felis chaus,microbiome_only,Felis chaus,ACCEPTED,EXACT,98,NO_CROSS_CATEGORY_MATCH
Gallus gallus,microbiome_only,Gallus gallus,ACCEPTED,EXACT,99,NO_CROSS_CATEGORY_MATCH
Gazella bennettii,microbiome_only,Gazella bennettii,ACCEPTED,EXACT,99,NO_CROSS_CATEGORY_MATCH
Glis glis,microbiome_only,Glis glis,ACCEPTED,EXACT,99,NO_CROSS_CATEGORY_MATCH
Grevy zebra,microbiome_only,,,,,UNRESOLVED_BY_GBIF
Grey kangaroo,microbiome_only,,,,,UNRESOLVED_BY_GBIF
Gymnocephalus cernua,microbiome_only,Gymnocephalus cernua,ACCEPTED,EXACT,99,NO_CROSS_CATEGORY_MATCH
Haliaeetus albicilla,microbiome_only,Haliaeetus albicilla,ACCEPTED,EXACT,99,NO_CROSS_CATEGORY_MATCH
Halichoerus grypus,microbiome_only,Halichoerus grypus,ACCEPTED,EXACT,99,NO_CROSS_CATEGORY_MATCH
Hare,microbiome_only,,,,,UNRESOLVED_BY_GBIF
Hemidactylus frenatus,microbiome_only,Hemidactylus frenatus,ACCEPTED,EXACT,97,NO_CROSS_CATEGORY_MATCH
Heteromys desmarestianus,microbiome_only,Heteromys desmarestianus,ACCEPTED,EXACT,99,NO_CROSS_CATEGORY_MATCH
Hippopotamus,microbiome_only,,,,,UNRESOLVED_BY_GBIF
Homo sapiens,microbiome_only,Homo sapiens,ACCEPTED,EXACT,99,NO_CROSS_CATEGORY_MATCH
Horse,microbiome_only,,,,,UNRESOLVED_BY_GBIF
Hyaena hyaena,microbiome_only,Hyaena hyaena,ACCEPTED,EXACT,99,NO_CROSS_CATEGORY_MATCH
Hylacola cauta,microbiome_only,Calamanthus cautus,SYNONYM,FUZZY,96,NO_CROSS_CATEGORY_MATCH
Lacerta agilis,microbiome_only,Lacerta agilis,ACCEPTED,EXACT,99,NO_CROSS_CATEGORY_MATCH
Lagenorhynchus albirostris,microbiome_only,Lagenorhynchus albirostris,ACCEPTED,EXACT,99,NO_CROSS_CATEGORY_MATCH
Lagopus muta,microbiome_only,Lagopus muta,ACCEPTED,EXACT,99,NO_CROSS_CATEGORY_MATCH
Lama guanicoe,microbiome_only,Lama glama,SYNONYM,EXACT,98,EXTRA_SOURCE_FOR_EXISTING_OVERLAP_SPECIES
Lepus europaeus,microbiome_only,Lepus europaeus,ACCEPTED,EXACT,99,NO_CROSS_CATEGORY_MATCH
Lepus tolai,microbiome_only,Lepus tolai,ACCEPTED,EXACT,99,NO_CROSS_CATEGORY_MATCH
Leuciscus cephalus,microbiome_only,Squalius cephalus,SYNONYM,EXACT,98,NO_CROSS_CATEGORY_MATCH
Leuciscus idus,microbiome_only,Leuciscus idus,ACCEPTED,EXACT,99,NO_CROSS_CATEGORY_MATCH
Lyrurus tetrix,microbiome_only,Lyrurus tetrix,ACCEPTED,EXACT,99,NO_CROSS_CATEGORY_MATCH
Macropus fuliginosus,microbiome_only,Macropus fuliginosus,ACCEPTED,EXACT,99,NO_CROSS_CATEGORY_MATCH
Mandrillus sphinx,microbiome_only,Mandrillus sphinx,ACCEPTED,EXACT,99,NO_CROSS_CATEGORY_MATCH
Manis temminckii,microbiome_only,Manis temminckii,ACCEPTED,EXACT,99,NO_CROSS_CATEGORY_MATCH
Marmota marmota,microbiome_only,Marmota marmota,ACCEPTED,EXACT,99,NO_CROSS_CATEGORY_MATCH
Martes foina,microbiome_only,Martes foina,ACCEPTED,EXACT,99,NO_CROSS_CATEGORY_MATCH
Martes martes,microbiome_only,Martes martes,ACCEPTED,EXACT,99,NO_CROSS_CATEGORY_MATCH
Melanomys caliginosus,microbiome_only,Melanomys caliginosus,ACCEPTED,EXACT,99,NO_CROSS_CATEGORY_MATCH
Meleagris gallopavo,microbiome_only,Meleagris gallopavo,ACCEPTED,EXACT,99,NO_CROSS_CATEGORY_MATCH
Meles meles,microbiome_only,Meles meles,ACCEPTED,EXACT,99,NO_CROSS_CATEGORY_MATCH
Mesoplodon bidens,microbiome_only,Mesoplodon bidens,ACCEPTED,EXACT,99,NO_CROSS_CATEGORY_MATCH
Mus musculus,microbiome_only,Mus musculus,ACCEPTED,EXACT,99,NO_CROSS_CATEGORY_MATCH
Mustela eversmanii,microbiome_only,Mustela eversmanii,ACCEPTED,EXACT,98,NO_CROSS_CATEGORY_MATCH
Mustela nivalis,microbiome_only,Mustela nivalis,ACCEPTED,EXACT,99,NO_CROSS_CATEGORY_MATCH
Mustela putorius,microbiome_only,Mustela putorius,ACCEPTED,EXACT,99,NO_CROSS_CATEGORY_MATCH
Myodes glareolus,microbiome_only,Myodes glareolus,ACCEPTED,EXACT,99,NO_CROSS_CATEGORY_MATCH
Natrix natrix,microbiome_only,Natrix natrix,ACCEPTED,EXACT,99,NO_CROSS_CATEGORY_MATCH
Nomascus gabriellae,microbiome_only,Nomascus gabriellae,ACCEPTED,EXACT,99,NO_CROSS_CATEGORY_MATCH
Nomascus siki,microbiome_only,Nomascus siki,ACCEPTED,EXACT,99,NO_CROSS_CATEGORY_MATCH
Nyctalus noctula,microbiome_only,Nyctalus noctula,ACCEPTED,EXACT,99,NO_CROSS_CATEGORY_MATCH
Nyctereutes procyonoides,microbiome_only,Nyctereutes procyonoides,ACCEPTED,EXACT,99,NO_CROSS_CATEGORY_MATCH
Oncorhynchus mykiss,microbiome_only,Oncorhynchus mykiss,ACCEPTED,EXACT,99,NO_CROSS_CATEGORY_MATCH
Oryctolagus cuniculus,microbiome_only,Oryctolagus cuniculus,ACCEPTED,EXACT,99,NO_CROSS_CATEGORY_MATCH
Otaria flavescens,microbiome_only,Otaria byronia,SYNONYM,EXACT,98,NO_CROSS_CATEGORY_MATCH
Otolemur crassicaudatus,microbiome_only,Otolemur crassicaudatus,ACCEPTED,EXACT,99,NO_CROSS_CATEGORY_MATCH
Ovis aries,microbiome_only,Ovis aries,ACCEPTED,EXACT,98,NO_CROSS_CATEGORY_MATCH
Ovis musimon,microbiome_only,Ovis aries,SYNONYM,EXACT,98,NO_CROSS_CATEGORY_MATCH
Papio ursinus,microbiome_only,Papio ursinus,ACCEPTED,EXACT,99,NO_CROSS_CATEGORY_MATCH
Parus major,microbiome_only,Parus major,ACCEPTED,EXACT,99,NO_CROSS_CATEGORY_MATCH
Patagonian mara,microbiome_only,,,,,UNRESOLVED_BY_GBIF
Perca fluviatilis,microbiome_only,Perca fluviatilis,ACCEPTED,EXACT,99,NO_CROSS_CATEGORY_MATCH
Phalacrocorax carbo,microbiome_only,Phalacrocorax carbo,ACCEPTED,EXACT,99,NO_CROSS_CATEGORY_MATCH
Phasianus colchicus,microbiome_only,Phasianus colchicus,ACCEPTED,EXACT,99,NO_CROSS_CATEGORY_MATCH
Philander opossum,microbiome_only,Philander opossum,ACCEPTED,EXACT,99,NO_CROSS_CATEGORY_MATCH
Phocoena phocoena,microbiome_only,Phocoena phocoena,ACCEPTED,EXACT,99,NO_CROSS_CATEGORY_MATCH
Phodopus sungorus,microbiome_only,Phodopus sungorus,ACCEPTED,EXACT,99,NO_CROSS_CATEGORY_MATCH
Phylloscopus collybita,microbiome_only,Phylloscopus collybita,ACCEPTED,EXACT,99,NO_CROSS_CATEGORY_MATCH
Pica pica,microbiome_only,Pica pica,ACCEPTED,EXACT,99,NO_CROSS_CATEGORY_MATCH
Pipistrellus pipistrellus,microbiome_only,Pipistrellus pipistrellus,ACCEPTED,EXACT,99,NO_CROSS_CATEGORY_MATCH
Podarcis siculus,microbiome_only,Podarcis siculus,ACCEPTED,EXACT,99,NO_CROSS_CATEGORY_MATCH
Pogona vitticeps,microbiome_only,Pogona vitticeps,ACCEPTED,EXACT,99,NO_CROSS_CATEGORY_MATCH
Potos flavus,microbiome_only,Potos flavus,ACCEPTED,EXACT,99,NO_CROSS_CATEGORY_MATCH
Proechimys semispinosus,microbiome_only,Proechimys semispinosus,ACCEPTED,EXACT,99,NO_CROSS_CATEGORY_MATCH
Prunella modularis,microbiome_only,Prunella modularis,ACCEPTED,EXACT,99,NO_CROSS_CATEGORY_MATCH
Psammomys obesus,microbiome_only,Psammomys obesus,ACCEPTED,EXACT,99,NO_CROSS_CATEGORY_MATCH
Pygmy hippopotamus,microbiome_only,,,,,UNRESOLVED_BY_GBIF
Rallus aquaticus,microbiome_only,Rallus aquaticus,ACCEPTED,EXACT,99,NO_CROSS_CATEGORY_MATCH
Rana dalmatina,microbiome_only,Rana dalmatina,ACCEPTED,EXACT,98,NO_CROSS_CATEGORY_MATCH
Rana temporaria,microbiome_only,Rana temporaria,ACCEPTED,EXACT,99,NO_CROSS_CATEGORY_MATCH
Rattus rattus,microbiome_only,Rattus rattus,ACCEPTED,EXACT,99,NO_CROSS_CATEGORY_MATCH
Reithrodontomys fluvesces,microbiome_only,Reithrodontomys fulvescens,ACCEPTED,FUZZY,93,NO_CROSS_CATEGORY_MATCH
Rheomys raptor,microbiome_only,Rheomys raptor,ACCEPTED,EXACT,99,NO_CROSS_CATEGORY_MATCH
Rhinoceros unicornis,microbiome_only,Rhinoceros unicornis,ACCEPTED,EXACT,99,NO_CROSS_CATEGORY_MATCH
Rupicapra rupicapra,microbiome_only,Rupicapra rupicapra,ACCEPTED,EXACT,99,NO_CROSS_CATEGORY_MATCH
Rutilus rutilus,microbiome_only,Rutilus rutilus,ACCEPTED,EXACT,99,NO_CROSS_CATEGORY_MATCH
Salamandra atra,microbiome_only,Salamandra atra,ACCEPTED,EXACT,99,NO_CROSS_CATEGORY_MATCH
Salmo trutta,microbiome_only,Salmo trutta,ACCEPTED,EXACT,99,NO_CROSS_CATEGORY_MATCH
Salvelinus fontinalis,microbiome_only,Salvelinus fontinalis,ACCEPTED,EXACT,99,NO_CROSS_CATEGORY_MATCH
Sander lucioperca,microbiome_only,Sander lucioperca,ACCEPTED,EXACT,99,NO_CROSS_CATEGORY_MATCH
Scardinius erythrophthalmus,microbiome_only,Scardinius erythrophthalmus,ACCEPTED,EXACT,99,NO_CROSS_CATEGORY_MATCH
Scolopax rusticola,microbiome_only,Scolopax rusticola,ACCEPTED,EXACT,99,NO_CROSS_CATEGORY_MATCH
Sorex alpinus,microbiome_only,Sorex alpinus,ACCEPTED,EXACT,99,NO_CROSS_CATEGORY_MATCH
Spermophilus citellus,microbiome_only,Spermophilus citellus,ACCEPTED,EXACT,99,NO_CROSS_CATEGORY_MATCH
Strix aluco,microbiome_only,Strix aluco,ACCEPTED,EXACT,99,NO_CROSS_CATEGORY_MATCH
Strix uralensis,microbiome_only,Strix uralensis,ACCEPTED,EXACT,99,NO_CROSS_CATEGORY_MATCH
Sudamerican tapir,microbiome_only,,,,,UNRESOLVED_BY_GBIF
Sus scrofa,microbiome_only,Sus scrofa,ACCEPTED,EXACT,99,NO_CROSS_CATEGORY_MATCH
Sylvia atricapilla,microbiome_only,Sylvia atricapilla,ACCEPTED,EXACT,99,NO_CROSS_CATEGORY_MATCH
Tachyglossus aculeatus,microbiome_only,Tachyglossus aculeatus,ACCEPTED,EXACT,99,NO_CROSS_CATEGORY_MATCH
Tamandua mexicana,microbiome_only,Tamandua mexicana,ACCEPTED,EXACT,99,NO_CROSS_CATEGORY_MATCH
Taurotragus oryx,microbiome_only,Taurotragus oryx,ACCEPTED,EXACT,99,NEW_OVERLAP_MATCH
Testudo hermanni,microbiome_only,Testudo hermanni,ACCEPTED,EXACT,99,NO_CROSS_CATEGORY_MATCH
Trachypithecus delacouri,microbiome_only,Trachypithecus delacouri,ACCEPTED,EXACT,99,NO_CROSS_CATEGORY_MATCH
Trachypithecus hatinhensis,microbiome_only,Trachypithecus hatinhensis,ACCEPTED,EXACT,99,NO_CROSS_CATEGORY_MATCH
Trichosurus vulpecula,microbiome_only,Trichosurus vulpecula,ACCEPTED,EXACT,99,NO_CROSS_CATEGORY_MATCH
Tringa glareola,microbiome_only,Tringa glareola,ACCEPTED,EXACT,99,NO_CROSS_CATEGORY_MATCH
Turdus merula,microbiome_only,Turdus merula,ACCEPTED,EXACT,99,NO_CROSS_CATEGORY_MATCH
Turdus philomelos,microbiome_only,Turdus philomelos,ACCEPTED,EXACT,99,NO_CROSS_CATEGORY_MATCH
Tursiops truncatus,microbiome_only,Tursiops truncatus,ACCEPTED,EXACT,97,NO_CROSS_CATEGORY_MATCH
Ursus thibetanus,microbiome_only,Ursus thibetanus,ACCEPTED,EXACT,97,NO_CROSS_CATEGORY_MATCH
Vicugna pacos,microbiome_only,Vicugna pacos,ACCEPTED,EXACT,99,NO_CROSS_CATEGORY_MATCH
Vicugna vicugna,microbiome_only,Vicugna vicugna,ACCEPTED,EXACT,99,NO_CROSS_CATEGORY_MATCH
Vipera ursinii,microbiome_only,Vipera ursinii,ACCEPTED,EXACT,99,NO_CROSS_CATEGORY_MATCH
Vulpes vulpes,microbiome_only,Vulpes vulpes,ACCEPTED,EXACT,99,NO_CROSS_CATEGORY_MATCH
Wild horse,microbiome_only,,,,,UNRESOLVED_BY_GBIF
Zamenis longissimus,microbiome_only,Zamenis longissimus,ACCEPTED,EXACT,99,NO_CROSS_CATEGORY_MATCH
Zebra,microbiome_only,,,,,UNRESOLVED_BY_GBIF
Zingel zingel,microbiome_only,Zingel zingel,ACCEPTED,EXACT,99,NO_CROSS_CATEGORY_MATCH
