Unnamed: 0,Chemical_family,Name,Notes,CF_class,CF_Dparent,CF_NrNodes,CF_subclass,CF_superclass,Compound_Name,Index,Mass (m/z),Retention time,GNPSLinkout_Network,LibraryID,MQScore,RTConsensus,SpectrumID,SumPeakIntensity,UniqueFileSourcesCount,componentindex,precursor_mass,id,stat.gut,index.gut,p.value.gut,groups.gut,stat.diet,index.diet,p.value.diet,groups.diet,stat.Order,index.Order,p.value.Order,groups.Order,stat.HostSpecies,index.HostSpecies,p.value.HostSpecies,groups.HostSpecies
6000_375.212_4.647,Unsat. LCFA,Dodecatrienoic acid,Dodecatrienoic acid,,,,,,,6000,375.212,4.647,Connected,"(2E,6E,10Z)-12-hydroxy-10-(hydroxymethyl)-6-methyl-2-(4-methylpent-3-enyl)dodeca-2,6,10-trienoic_acid",0.706587,4.6474,CCMSLIB00004709991,0.011703391,23,830,375.2125,6000_375.212_4.647,0.606976979,3,1.0,s.Simplegut,0.693736857,3,0.03874,s.Omnivores,0.710330417,2,0.35409,s.Carnivora,0.878936042,70,0.1914,"s.Black_bear,s.Brown_bear"
3009_311.293_7.649,Unsat. LCFA,Eicosenoic acid,14(Z)-Eicosenoic acid.,Prenol_lipids,Diterpenoids,5.0,Diterpenoids,Lipids_and_lipid-like_molecules,Spectral_Match_to_14(Z)-Eicosenoic_acid_from_NIST14,3009,311.293,7.649,Connected,Spectral_Match_to_14(Z)-Eicosenoic_acid_from_NIST14,0.760066,7.6488,CCMSLIB00003134660,0.025068499,24,5903,311.293,3009_311.293_7.649,0.648885685,3,1.0,s.Simplegut,0.659821858,3,0.23542,s.Omnivores,0.894427191,5,0.00638,s.Primates,0.811288833,159,1.0,"s.Chimp,s.Mandrill"
12788_464.281_4.693,Bile acids,Taurohyodeoxycholic acid 3,,,,,,,,12788,464.281,4.693,Connected,taurohyodeoxycholic_acid,0.797751,4.6931,CCMSLIB00005435583,0.007610319,20,762,464.2812,12788_464.281_4.693,0.592348878,3,1.0,s.Simplegut,0.950361759,1,0.00298,s.Carnivores,0.835319268,2,0.08294,s.Carnivora,0.886444652,236,1.0,"s.Hyena,s.Jungle_cat"
5764_817.578_5.649,Bile acids,Cholic acid 3,,,,,,,,5764,817.578,5.649,Singleton,Spectral_Match_to_Cholic_acid_from_NIST14,0.815981,5.6488,CCMSLIB00003139898,0.138080012,30,-1,817.5782,5764_817.578_5.649,0.690065559,5,1.0,"s.Foregut,s.Simplegut",0.825892864,1,0.00298,s.Carnivores,0.965082889,2,0.00319,s.Carnivora,0.631193391,123,1.0,"s.Cape_Hunting_dog,s.Lion"
12008_373.272_4.486,Bile acids,Cholic acid 1,,,,,,,,12008,373.272,4.486,Connected,Spectral_Match_to_Cholic_acid_from_NIST14,0.816466,4.4858,CCMSLIB00003135149,0.014913042,28,137,373.2722,12008_373.272_4.486,0.68588619,3,1.0,s.Simplegut,0.897577684,1,0.00298,s.Carnivores,0.913257536,2,0.01595,s.Carnivora,0.827514391,273,1.0,"s.Leopard,s.Lion"
2992_357.277_6.66,Bile acids,3b-Hydroxy-5-cholenoic acid 3,3.beta.-Hydroxy-5-cholenoic acid by GNPS ID.,Steroids_and_steroid_derivatives,"Dihydroxy_bile_acids,_alcohols_and_derivatives",16.0,"Bile_acids,_alcohols_and_derivatives",Lipids_and_lipid-like_molecules,Spectral_Match_to_3.beta.-Hydroxy-5-cholenoic_acid_from_NIST14,2992,357.277,6.66,Connected,Spectral_Match_to_3.beta.-Hydroxy-5-cholenoic_acid_from_NIST14,0.862768,6.6603,CCMSLIB00003134721,1.727837073,71,1274,357.2772,2992_357.277_6.66,0.961557429,5,0.00294,"s.Foregut,s.Simplegut",0.929620969,5,0.00298,"s.Carnivores,s.Omnivores",0.962496981,23,0.00319,"s.Carnivora,s.Artiodactyla,s.Primates",0.485127019,118,1.0,"s.Cape_Hunting_dog,s.Hyena"
5818_591.315_4.136,Bile pigments,Urobilin 2 (m/z 591.315),,,,,,,,5818,591.315,4.136,Connected,Spectral_Match_to_Urobilin_from_NIST14,0.863724,4.136,CCMSLIB00003137178,0.347989506,36,133,591.3148,5818_591.315_4.136,0.76471221,3,0.82614,s.Simplegut,0.894326164,1,0.00298,s.Carnivores,0.989682273,2,0.00319,s.Carnivora,0.650879817,278,1.0,"s.Leopard,s.Tiger"
3846_375.288_5.828,Bile acids,Deoxycholic acid 1,,,,,,,,3846,375.288,5.828,Connected,deoxycholic_acid,0.867982,5.8282,CCMSLIB00005435507,0.03032711,50,1274,375.2878,3846_375.288_5.828,0.881204081,5,0.15582,"s.Foregut,s.Simplegut",0.968174093,1,0.00298,s.Carnivores,0.913096052,10,0.00319,"s.Carnivora,s.Artiodactyla",0.681196654,263,1.0,"s.Jungle_cat,s.Tiger"
7625_357.277_5.815,Bile acids,3b-Hydroxy-5-cholenoic acid 2,,,,,,,,7625,357.277,5.815,Connected,Spectral_Match_to_3.beta.-Hydroxy-5-cholenoic_acid_from_NIST14,0.873965,5.8145,CCMSLIB00003134721,0.161564035,62,1274,357.2772,7625_357.277_5.815,0.982991003,5,0.00294,"s.Foregut,s.Simplegut",0.974151308,5,0.00298,"s.Carnivores,s.Omnivores",0.983317342,23,0.00319,"s.Carnivora,s.Artiodactyla,s.Primates",0.58159137,263,1.0,"s.Jungle_cat,s.Tiger"
14912_591.315_4.071,Bile pigments,Urobilin 1 (m/z 591.315),,,,,,,,14912,591.315,4.071,Connected,Spectral_Match_to_Urobilin_from_NIST14,0.877932,4.0707,CCMSLIB00003137178,0.019379975,24,133,591.3148,14912_591.315_4.071,0.616852462,3,1.0,s.Simplegut,0.664554829,5,0.298,"s.Carnivores,s.Omnivores",0.83785666,2,0.02552,s.Carnivora,0.614604301,235,1.0,"s.Hyena,s.Israeli_Wolf"
275_595.346_4.13,Bile pigments,Stercobilin,,,,,,,,275,595.346,4.13,Connected,Stercobilin,0.892946,4.1295,CCMSLIB00001059689,0.913621869,83,240,595.346,275_595.346_4.13,0.889988319,7,,"s.Foregut,s.Hindgut,s.Simplegut",0.889988319,7,,"s.Carnivores,s.Herbivores,s.Omnivores",0.89833121,25,0.00638,"s.Artiodactyla,s.Perissodactyla,s.Primates",0.582015602,118,0.03509,"s.Cape_Hunting_dog,s.Hyena"
13019_190.071_1.503,N-acyl AA,Acetyl-Glu 1 (m/z 190.071),,,,,,,,13019,190.071,1.503,Connected,Spectral_Match_to_N-Acetyl-L-glutamic_acid_from_NIST14,0.907098,1.5027,CCMSLIB00003138157,0.0184381,53,6315,190.0705,13019_190.071_1.503,0.955133866,3,0.00294,s.Simplegut,0.882955682,5,0.00298,"s.Carnivores,s.Omnivores",0.955133866,12,0.00319,"s.Carnivora,s.Primates",0.570004897,229,1.0,"s.Gorilla,s.Mandrill"
3674_359.293_7.664,Bile acids,Lithocholic acid 1,,,,,,,,3674,359.293,7.664,Connected,lithocholic_acid,0.935749,7.6641,CCMSLIB00005435551,0.062235839,57,5765,359.2929,3674_359.293_7.664,0.920231857,5,0.00294,"s.Foregut,s.Simplegut",0.922088761,1,0.00298,s.Carnivores,0.922119117,23,0.00319,"s.Carnivora,s.Artiodactyla,s.Primates",0.594959166,118,1.0,"s.Cape_Hunting_dog,s.Hyena"
327_231.158_5.111,Unsat. LCFA,Dodecanedioic acid,Dodecanedioic acid,,,,,,,327,231.158,5.111,Connected,Spectral_Match_to_Dodecanedioic_acid_from_NIST14,0.952515,5.111,CCMSLIB00003138017,0.050646516,80,1566,231.1582,327_231.158_5.111,0.948759304,4,0.00294,"s.Foregut,s.Hindgut",0.893007281,4,0.00596,"s.Carnivores,s.Herbivores",0.920944718,19,0.00319,"s.Proboscidea,s.Artiodactyla,s.Perissodactyla",0.582111027,193,0.00319,"s.Donkey,s.Sheep"
17894_190.07_1.387,N-acyl AA,Acetyl-Glu 2 (190.071),,,,,,,,17894,190.07,1.387,Connected,Spectral_Match_to_N-Acetyl-L-glutamic_acid_from_NIST14,0.974773,1.3867,CCMSLIB00003138157,0.020580799,46,6315,190.0705,17894_190.07_1.387,0.898341552,3,0.00294,s.Simplegut,0.829590814,5,0.00298,"s.Carnivores,s.Omnivores",0.898341552,12,0.00319,"s.Carnivora,s.Primates",0.587619311,229,1.0,"s.Gorilla,s.Mandrill"
3947_399.324_7.694,Bile acids,26-oxocholest-4-en-3-one 1,"3-ketocholest-4-en-26-al based on in silico, high confidence, and manual examination of MS2. ",no_matches,no_matches,5.0,no_matches,no_matches,,3947,399.324,7.694,Connected,,,7.6936,,0.005464386,25,2549,399.3241,3947_399.324_7.694,0.598730715,3,1.0,s.Simplegut,0.929935401,1,0.00298,s.Carnivores,0.720709771,2,0.68266,s.Carnivora,0.815553094,278,1.0,"s.Leopard,s.Tiger"
820_255.21_7.717,Bile acids,BA 1 (m/z 255.21),"In cluster with BA 2. There's also a lithocholic acid neighbor in the cluster, but low cosine match.",Steroids_and_steroid_derivatives,"Monohydroxy_bile_acids,_alcohols_and_derivatives",45.0,"Bile_acids,_alcohols_and_derivatives",Lipids_and_lipid-like_molecules,,820,255.21,7.717,Connected,,,7.7166,,0.013593597,37,113,255.2097,820_255.21_7.717,0.953882234,1,0.00588,s.Foregut,0.818743822,2,0.00894,s.Herbivores,0.970298225,13,0.00319,"s.Artiodactyla,s.Perissodactyla",0.92529805,220,0.00319,"s.Goat,s.Sheep"
634_255.21_8.199,Bile acids,BA 2 (m/z 255.21),"In cluster with BA 1. There's also a lithocholic acid neighbor in the cluster, but low cosine match. ",Steroids_and_steroid_derivatives,"Monohydroxy_bile_acids,_alcohols_and_derivatives",45.0,"Bile_acids,_alcohols_and_derivatives",Lipids_and_lipid-like_molecules,,634,255.21,8.199,Connected,,,8.1988,,0.015331658,35,113,255.2097,634_255.21_8.199,0.961199896,1,0.00294,s.Foregut,0.822695379,2,0.00596,s.Herbivores,0.971296667,13,0.00319,"s.Artiodactyla,s.Perissodactyla",0.94014688,220,0.00319,"s.Goat,s.Sheep"
13865_453.228_4.883,Bile acids,Cholic acid 7-sulfate 1,Cholic acid 7-sulfate,Steroids_and_steroid_derivatives,"Trihydroxy_bile_acids,_alcohols_and_derivatives",88.0,"Bile_acids,_alcohols_and_derivatives",Lipids_and_lipid-like_molecules,,13865,453.228,4.883,Connected,,,4.8825,,0.007028751,10,137,453.2285,13865_453.228_4.883,0.418853908,3,1.0,s.Simplegut,0.78319776,1,0.00298,s.Carnivores,0.608580619,2,1.0,s.Carnivora,0.947542766,278,1.0,"s.Leopard,s.Tiger"
10412_356.293_5.953,Bile acids,Deoxycholic acid amide 1,"Neighboring node is glycodeoxycholic acid M-2(H2O)+H, delta of 58.005 which is CO2CH2, indicating that this is deoxycholic amide. Two additional peaks are the +H and -1H2O adducts",Steroids_and_steroid_derivatives,Taurinated_bile_acids_and_derivatives,31.0,"Bile_acids,_alcohols_and_derivatives",Lipids_and_lipid-like_molecules,,10412,356.293,5.953,Connected,,,5.9529,,0.008878892,16,762,356.2932,10412_356.293_5.953,0.529812943,3,1.0,s.Simplegut,0.997986311,1,0.00298,s.Carnivores,0.71686445,2,0.25201,s.Carnivora,0.784054869,244,1.0,"s.Hyena,s.Tiger"
12413_376.291_5.832,Bile acids,Isolithocholic acid 1,"Isolithocholic acid is third node in cluster, high confidence in silico NAP ID.",no_matches,no_matches,3.0,no_matches,no_matches,,12413,376.291,5.832,Connected,,,5.8316,,0.006848127,24,51,376.2912,12413_376.291_5.832,0.6172134,5,1.0,"s.Foregut,s.Simplegut",0.988835278,1,0.00298,s.Carnivores,0.747451639,10,0.23287,"s.Carnivora,s.Artiodactyla",0.73174756,263,1.0,"s.Jungle_cat,s.Tiger"
19516_358.281_6.177,Bile acids,Isolithocholic acid 2," [-H2O+H]. Isolithocholic acid is third node in cluster, high confidence in silico ID.",no_matches,no_matches,3.0,no_matches,no_matches,,19516,358.281,6.177,Connected,,,6.1765,,0.003572584,17,51,358.2807,19516_358.281_6.177,0.546118681,3,1.0,s.Simplegut,0.996523384,1,0.00298,s.Carnivores,0.715235408,2,0.2552,s.Carnivora,0.727764196,278,1.0,"s.Leopard,s.Tiger"
1285_415.319_6.79,Bile acids,THCA (C27) 1,"THCA 3a,7a,12a-trihydroxy-5Ô¨Ç-cholestanoic acid (precursor to cholic acid in biosynthetic pathway)",Steroids_and_steroid_derivatives,"Trihydroxy_bile_acids,_alcohols_and_derivatives",88.0,"Bile_acids,_alcohols_and_derivatives",Lipids_and_lipid-like_molecules,,1285,415.319,6.79,Connected,,,6.7901,,0.01105483,42,137,415.3188,1285_415.319_6.79,0.785012188,1,1.0,s.Foregut,0.957269026,1,0.00298,s.Carnivores,0.871271407,10,0.04147,"s.Carnivora,s.Artiodactyla",0.75084347,278,1.0,"s.Leopard,s.Tiger"
17867_595.346_5.817,Bile pigments,Bilirubin 1 (m/z 595.35),Based on GNPS ID in cluster,Tetrapyrroles_and_derivatives,Bilirubins,66.0,Bilirubins,Organoheterocyclic_compounds,,17867,595.346,5.817,Connected,,,5.8169,,0.00910256,9,240,595.346,17867_595.346_5.817,0.343325872,3,1.0,s.Simplegut,0.645547956,1,0.02086,s.Carnivores,0.481356219,2,1.0,s.Carnivora,0.674488059,263,1.0,"s.Jungle_cat,s.Tiger"
7156_303.169_5.826,Bile pigments,Bilirubin 2 (m/z 303.169),Based on GNPS ID in cluster,Tetrapyrroles_and_derivatives,Bilirubins,66.0,Bilirubins,Organoheterocyclic_compounds,,7156,303.169,5.826,Connected,,,5.8265,,0.003413834,16,240,303.1688,7156_303.169_5.826,0.510189015,3,1.0,s.Simplegut,0.911807744,1,0.00298,s.Carnivores,0.742906859,2,0.37323,s.Carnivora,0.904050214,278,1.0,"s.Leopard,s.Tiger"
6353_249.123_2.703,Hormones,Cyclic 3-Hydroxymelatonin,"Cyclic 3-hydroxymelatonin, predicted from NAP",no_matches,no_matches,2.0,no_matches,no_matches,,6353,249.123,2.703,Connected,,,2.7027,,0.007105064,17,5433,249.1227,6353_249.123_2.703,0.528810586,3,1.0,s.Simplegut,0.819958881,1,0.00298,s.Carnivores,0.687451066,2,0.64757,s.Carnivora,0.847219382,254,1.0,"s.Israeli_Wolf,s.Tiger"
7148_236.127_4.392,N-acyl AA,Butyryl-Phe,Butyryl-Phe. See Fig. S6.,no_matches,no_matches,87.0,no_matches,no_matches,,7148,236.127,4.392,Connected,,,4.3922,,0.005460053,18,179,236.1272,7148_236.127_4.392,0.544057475,3,1.0,s.Simplegut,0.915542415,1,0.00298,s.Carnivores,0.741495044,2,0.25839,s.Carnivora,0.808972313,278,1.0,"s.Leopard,s.Tiger"
7316_188.128_3.7,N-acyl AA,Butyryl-Val,Butyryl-Val. See Fig. S6.,no_matches,no_matches,87.0,no_matches,no_matches,,7316,188.128,3.7,Connected,,,3.7005,,0.005314251,18,179,188.1275,7316_188.128_3.7,0.561951487,3,1.0,s.Simplegut,0.939185029,1,0.00298,s.Carnivores,0.743343998,2,0.11484,s.Carnivora,0.739678429,248,1.0,"s.Israeli_Wolf,s.Leopard"
8160_447.272_4.298,Peptides,Cyc. Peptide 1 (m/z 447.272),Cyclic peptides based on NAP/MolNetEnhancer,no_matches,no_matches,34.0,no_matches,no_matches,,8160,447.272,4.298,Connected,,,4.2981,,0.022818765,24,568,447.272,8160_447.272_4.298,0.648885685,3,1.0,s.Simplegut,0.507568325,6,1.0,"s.Herbivores,s.Omnivores",0.852525325,5,0.01914,s.Primates,0.941972447,152,0.00319,"s.Chimp,s.Gorilla"
10292_463.267_4.365,Peptides,Cyc. Peptide 2 (m/z 463.267),Cyclic peptides based on NAP/MolNetEnhancer,no_matches,no_matches,34.0,no_matches,no_matches,,10292,463.267,4.365,Connected,,,4.365,,0.018000254,27,568,463.2669,10292_463.267_4.365,0.688247202,3,1.0,s.Simplegut,0.540499365,6,1.0,"s.Herbivores,s.Omnivores",0.845326619,5,0.02233,s.Primates,0.90660333,152,0.24244,"s.Chimp,s.Gorilla"
10310_481.277_4.297,Peptides,Cyc. Peptide 3 (m/z 481.277),Cyclic peptides based on NAP/MolNetEnhancer,no_matches,no_matches,34.0,no_matches,no_matches,,10310,481.277,4.297,Connected,,,4.2972,,0.02805664,24,568,481.2775,10310_481.277_4.297,0.648885685,3,1.0,s.Simplegut,0.522232968,6,1.0,"s.Herbivores,s.Omnivores",0.874412308,5,0.01276,s.Primates,0.854654096,229,1.0,"s.Gorilla,s.Mandrill"
3685_481.278_4.371,Peptides,Cyc. Peptide 4 (m/z 481.278),Cyclic peptides based on NAP/MolNetEnhancer,no_matches,no_matches,34.0,no_matches,no_matches,,3685,481.278,4.371,Connected,,,4.3713,,0.153054392,26,568,481.2775,3685_481.278_4.371,0.675381634,3,1.0,s.Simplegut,0.532144361,6,1.0,"s.Herbivores,s.Omnivores",0.912386625,5,0.00319,s.Primates,0.92537901,152,0.00319,"s.Chimp,s.Gorilla"
10281_498.304_4.368,Peptides,Cyc. Peptide 5 (m/z 498.304),Cyclic peptides based on NAP/MolNetEnhancer,no_matches,no_matches,34.0,no_matches,no_matches,,10281,498.304,4.368,Connected,,,4.3683,,0.023210257,23,568,498.3042,10281_498.304_4.368,0.635223403,3,1.0,s.Simplegut,0.511237358,6,1.0,"s.Herbivores,s.Omnivores",0.875595036,5,0.00957,s.Primates,0.932723198,152,0.00319,"s.Chimp,s.Gorilla"
7093_416.314_6.076,Unsat. LCFA,Unsat. LCFA 1 (m/z 416.314),"Myxalamide A. NAP, high confidence",no_matches,no_matches,2.0,no_matches,no_matches,,7093,416.314,6.076,Connected,,,6.0759,,0.004367294,19,2401,416.3136,7093_416.314_6.076,0.577350269,3,1.0,s.Simplegut,0.9911703,1,0.00298,s.Carnivores,0.733039534,2,0.23287,s.Carnivora,0.782592445,254,1.0,"s.Israeli_Wolf,s.Tiger"
13866_184.133_2.524,Flavonoids,Flavonoid 1 (m/z 184.139),Flavonol. In silico/MolNetEnhancer.,Flavonoids,Flavonols,66.0,Flavones,Phenylpropanoids_and_polyketides,,13866,184.133,2.524,Connected,,,2.5243,,0.010642931,7,43,184.1328,13866_184.133_2.524,0.350438322,3,1.0,s.Simplegut,0.733799386,1,0.00298,s.Carnivores,0.509175077,2,1.0,s.Carnivora,0.897622842,244,1.0,"s.Hyena,s.Tiger"
289_349.127_2.727,Flavonoids,Flavonoid 2 (m/z 349.127),In silico NAP ID. ,no_matches,no_matches,8.0,no_matches,no_matches,,289,349.127,2.727,Connected,,,2.7266,,0.180041045,39,2367,349.127,289_349.127_2.727,0.904534034,4,0.00294,"s.Foregut,s.Hindgut",0.848528137,2,0.00298,s.Herbivores,1.0,13,0.00319,"s.Artiodactyla,s.Perissodactyla",0.818949198,220,0.00319,"s.Goat,s.Sheep"
439_313.106_4.908,Flavonoids,Flavonoid 3 (m/z 313.106),O-methylated flavonoid based on NAP.,Flavonoids,8-O-methylated_flavonoids,10.0,O-methylated_flavonoids,Phenylpropanoids_and_polyketides,,439,313.106,4.908,Connected,,,4.9076,,0.015063905,42,926,313.1057,439_313.106_4.908,0.94151577,1,0.00294,s.Foregut,0.883176087,2,0.00298,s.Herbivores,0.973993716,13,0.00319,"s.Artiodactyla,s.Perissodactyla",0.917172985,220,0.00319,"s.Goat,s.Sheep"
304_447.309_7.242,Triterpenoids,Oat straw 1 (m/z 447.309),,no_matches,no_matches,87.0,no_matches,no_matches,,304,447.309,7.242,Connected,,,7.2424,,0.034250686,42,82,447.3089,304_447.309_7.242,0.903477191,4,0.00882,"s.Foregut,s.Hindgut",0.841526388,2,0.00298,s.Herbivores,0.997890229,13,0.00319,"s.Artiodactyla,s.Perissodactyla",0.790146261,218,0.0319,"s.Goat,s.Rhino"
277_433.329_7.715,Triterpenoids,Oat straw 2 (m/z 433.329),,no_matches,no_matches,87.0,no_matches,no_matches,,277,433.329,7.715,Connected,,,7.7149,,0.695360011,53,82,433.3294,277_433.329_7.715,0.916224327,4,0.00294,"s.Foregut,s.Hindgut",0.886360488,2,0.00298,s.Herbivores,0.998197191,13,0.00319,"s.Artiodactyla,s.Perissodactyla",0.835678584,220,0.00319,"s.Goat,s.Sheep"
341_447.309_7.748,Triterpenoids,Oat straw 3 (m/z 447.3294),,no_matches,no_matches,87.0,no_matches,no_matches,,341,447.309,7.748,Connected,,,7.7477,,0.033590403,39,82,447.309,341_447.309_7.748,0.909188571,1,0.00588,s.Foregut,0.797287773,2,0.00298,s.Herbivores,0.980809713,13,0.00319,"s.Artiodactyla,s.Perissodactyla",0.822294152,220,0.00638,"s.Goat,s.Sheep"
314_433.329_7.849,Triterpenoids,Oat straw 4 (m/z 433.3294),,no_matches,no_matches,87.0,no_matches,no_matches,,314,433.329,7.849,Connected,,,7.8485,,0.111218696,45,82,433.3294,314_433.329_7.849,0.965541203,1,0.00294,s.Foregut,0.892608388,2,0.00298,s.Herbivores,0.998989993,13,0.00319,"s.Artiodactyla,s.Perissodactyla",0.937440837,220,0.00319,"s.Goat,s.Sheep"
379_431.314_7.856,Triterpenoids,Oat straw 5 (m/z 431.314),,no_matches,no_matches,87.0,no_matches,no_matches,,379,431.314,7.856,Connected,,,7.8563,,0.044123919,46,82,431.3138,379_431.314_7.856,0.931638427,1,0.00294,s.Foregut,0.838855811,2,0.00298,s.Herbivores,0.993727537,13,0.00319,"s.Artiodactyla,s.Perissodactyla",0.822764015,220,1.0,"s.Goat,s.Sheep"
288_433.329_7.978,Triterpenoids,Oat straw 6 (m/z 433.329),,no_matches,no_matches,87.0,no_matches,no_matches,,288,433.329,7.978,Connected,,,7.978,,0.312173897,43,82,433.3294,288_433.329_7.978,0.92526659,1,0.00294,s.Foregut,0.86994551,2,0.00298,s.Herbivores,0.999467454,13,0.00319,"s.Artiodactyla,s.Perissodactyla",0.859823602,220,0.00319,"s.Goat,s.Sheep"
372_415.319_8.194,Triterpenoids,Oat straw 7  (m/z 415.319),,no_matches,no_matches,87.0,no_matches,no_matches,,372,415.319,8.194,Connected,,,8.1944,,0.05326275,43,82,415.3188,372_415.319_8.194,0.954822546,1,0.00294,s.Foregut,0.841996515,2,0.00298,s.Herbivores,0.998312648,13,0.00319,"s.Artiodactyla,s.Perissodactyla",0.929639917,220,0.00319,"s.Goat,s.Sheep"
1935_433.329_8.196,Triterpenoids,Oat straw 8  (m/z 433.329),,no_matches,no_matches,87.0,no_matches,no_matches,,1935,433.329,8.196,Connected,,,8.196,,0.849561093,54,82,433.3294,1935_433.329_8.196,0.928691034,4,0.00294,"s.Foregut,s.Hindgut",0.92406916,2,0.00298,s.Herbivores,0.998339397,13,0.00319,"s.Artiodactyla,s.Perissodactyla",0.841289615,220,0.00319,"s.Goat,s.Sheep"
347_431.314_8.3,Triterpenoids,Oat straw 9  (m/z 431.314),,no_matches,no_matches,87.0,no_matches,no_matches,,347,431.314,8.3,Connected,,,8.3004,,0.094257966,40,82,431.3138,347_431.314_8.3,0.966802724,1,0.00294,s.Foregut,0.860232527,2,0.00298,s.Herbivores,0.999780446,13,0.00319,"s.Artiodactyla,s.Perissodactyla",0.928195205,220,0.00319,"s.Goat,s.Sheep"
13411_433.329_8.407,Triterpenoids,Oat straw 10  (m/z 433.329),,no_matches,no_matches,87.0,no_matches,no_matches,,13411,433.329,8.407,Connected,,,8.407,,0.014953868,27,82,433.3294,13411_433.329_8.407,0.987929213,1,0.00294,s.Foregut,0.734846923,2,0.04768,s.Herbivores,0.984783473,3,0.00319,s.Artiodactyla,0.981875861,220,0.00319,"s.Goat,s.Sheep"
2084_465.319_4.166,Triterpenoids,Pellets 1  (m/z 465.319),,no_matches,no_matches,87.0,no_matches,no_matches,,2084,465.319,4.166,Connected,,,4.1659,,0.029551044,31,82,465.319,2084_465.319_4.166,0.79352287,4,0.18228,"s.Foregut,s.Hindgut",0.721445859,2,0.02086,s.Herbivores,0.873831083,13,0.00319,"s.Artiodactyla,s.Perissodactyla",0.853308889,195,0.00319,"s.Donkey,s.Zebra"
2125_465.319_4.344,Triterpenoids,Pellets 2  (m/z 465.319),,no_matches,no_matches,87.0,no_matches,no_matches,,2125,465.319,4.344,Connected,,,4.3438,,0.03117767,38,82,465.3191,2125_465.319_4.344,0.889902151,4,0.00588,"s.Foregut,s.Hindgut",0.822050639,2,0.00298,s.Herbivores,0.982096591,13,0.00319,"s.Artiodactyla,s.Perissodactyla",0.815487564,195,0.00319,"s.Donkey,s.Zebra"
349_465.319_4.619,Triterpenoids,Pellets 3  (m/z 465.319),,no_matches,no_matches,87.0,no_matches,no_matches,,349,465.319,4.619,Connected,,,4.6193,,0.042478152,43,82,465.319,349_465.319_4.619,0.897529143,4,0.00294,"s.Foregut,s.Hindgut",0.837827312,2,0.00298,s.Herbivores,0.987334944,13,0.00319,"s.Artiodactyla,s.Perissodactyla",0.764416324,195,0.00319,"s.Donkey,s.Zebra"
2611_465.319_4.913,Triterpenoids,Pellets 4  (m/z 465.319),,no_matches,no_matches,87.0,no_matches,no_matches,,2611,465.319,4.913,Connected,,,4.9125,,0.0210706,44,82,465.319,2611_465.319_4.913,0.898796346,4,0.00294,"s.Foregut,s.Hindgut",0.823556844,2,0.00298,s.Herbivores,0.988535097,13,0.00319,"s.Artiodactyla,s.Perissodactyla",0.728272097,220,0.00319,"s.Goat,s.Sheep"
701_449.324_5.178,Triterpenoids,Pellets 5  (m/z 449.324),,no_matches,no_matches,87.0,no_matches,no_matches,,701,449.324,5.178,Connected,,,5.1785,,0.018142953,45,82,449.3243,701_449.324_5.178,0.966010715,1,0.00294,s.Foregut,0.779171768,4,0.05662,"s.Carnivores,s.Herbivores",0.954838454,3,0.00319,s.Artiodactyla,0.904672545,220,0.00319,"s.Goat,s.Sheep"
1182_449.324_5.301,Triterpenoids,Pellets 6  (m/z 449.324),,no_matches,no_matches,87.0,no_matches,no_matches,,1182,449.324,5.301,Connected,,,5.3008,,0.009422973,34,82,449.3243,1182_449.324_5.301,0.977191066,1,0.00294,s.Foregut,0.659749626,2,0.80162,s.Herbivores,0.968866206,3,0.00319,s.Artiodactyla,0.911272811,220,0.00319,"s.Goat,s.Sheep"
696_449.324_5.419,Triterpenoids,Pellets 7  (m/z 449.324),,no_matches,no_matches,87.0,no_matches,no_matches,,696,449.324,5.419,Connected,,,5.4189,,0.023487968,45,82,449.3244,696_449.324_5.419,0.959421274,1,0.00294,s.Foregut,0.806619692,2,0.0149,s.Herbivores,0.995002225,13,0.00319,"s.Artiodactyla,s.Perissodactyla",0.923692688,220,0.00319,"s.Goat,s.Sheep"
448_463.303_5.746,Triterpenoids,Pellets 8  (m/z 463.303),,no_matches,no_matches,87.0,no_matches,no_matches,,448,463.303,5.746,Connected,,,5.7461,,0.019718255,40,82,463.3034,448_463.303_5.746,0.903602537,4,0.00294,"s.Foregut,s.Hindgut",0.8329348,2,0.00298,s.Herbivores,0.997932158,13,0.00319,"s.Artiodactyla,s.Perissodactyla",0.803738718,220,0.00319,"s.Goat,s.Sheep"
832_449.324_5.964,Triterpenoids,Pellets 9  (m/z 449.324),,no_matches,no_matches,87.0,no_matches,no_matches,,832,449.324,5.964,Connected,,,5.9638,,0.028484721,52,82,449.3243,832_449.324_5.964,0.968158241,1,0.00294,s.Foregut,0.844620268,4,0.0149,"s.Carnivores,s.Herbivores",0.99282575,13,0.00319,"s.Artiodactyla,s.Perissodactyla",0.920020823,220,0.00319,"s.Goat,s.Sheep"
1009_447.309_6.38,Triterpenoids,Pellets 10  (m/z 447.309),,no_matches,no_matches,87.0,no_matches,no_matches,,1009,447.309,6.38,Connected,,,6.3804,,0.017004729,43,82,447.309,1009_447.309_6.38,0.96400161,1,0.00294,s.Foregut,0.809551561,2,0.01192,s.Herbivores,0.983142714,13,0.00319,"s.Artiodactyla,s.Perissodactyla",0.926993817,220,0.00319,"s.Goat,s.Sheep"
8484_447.309_6.53,Triterpenoids,Pellets 11 (m/z 447.309),,no_matches,no_matches,87.0,no_matches,no_matches,,8484,447.309,6.53,Connected,,,6.53,,0.025648793,46,82,447.309,8484_447.309_6.53,0.958330293,1,0.00294,s.Foregut,0.822699921,2,0.00596,s.Herbivores,0.995059156,13,0.00319,"s.Artiodactyla,s.Perissodactyla",0.892874682,220,0.00319,"s.Goat,s.Sheep"
485_449.324_6.966,Triterpenoids,Pellets 12 (m/z 449.324),,no_matches,no_matches,87.0,no_matches,no_matches,,485,449.324,6.966,Connected,,,6.9661,,0.022332218,48,82,449.3244,485_449.324_6.966,0.920738006,1,0.00294,s.Foregut,0.793784343,4,0.01192,"s.Carnivores,s.Herbivores",0.982805433,13,0.00319,"s.Artiodactyla,s.Perissodactyla",0.841231966,220,0.00319,"s.Goat,s.Sheep"
12702_433.329_7.606,Triterpenoids,Pellets 13  (m/z 433.329),,no_matches,no_matches,87.0,no_matches,no_matches,,12702,433.329,7.606,Connected,,,7.6063,,0.020097726,47,82,433.3294,12702_433.329_7.606,0.960313444,1,0.00294,s.Foregut,0.789053451,2,0.03278,s.Herbivores,0.977891953,13,0.00319,"s.Artiodactyla,s.Perissodactyla",0.898056838,220,0.00319,"s.Goat,s.Sheep"
1982_479.298_5.102,Triterpenoids,Unclassified 1 (m/z 479.298),,no_matches,no_matches,87.0,no_matches,no_matches,,1982,479.298,5.102,Connected,,,5.1022,,0.034216873,35,82,479.2981,1982_479.298_5.102,0.891882585,4,0.00294,"s.Foregut,s.Hindgut",0.836660027,2,0.00298,s.Herbivores,0.986013297,13,0.00319,"s.Artiodactyla,s.Perissodactyla",0.793405148,222,0.00319,"s.Goat,s.Zebra"
902_477.282_5.479,Triterpenoids,Unclassified 2 (m/z 477.282),,no_matches,no_matches,87.0,no_matches,no_matches,,902,477.282,5.479,Connected,,,5.4792,,0.027120744,36,82,477.2822,902_477.282_5.479,0.904534034,4,0.00294,"s.Foregut,s.Hindgut",0.848528137,2,0.00298,s.Herbivores,1.0,13,0.00319,"s.Artiodactyla,s.Perissodactyla",0.826196833,195,0.00319,"s.Donkey,s.Zebra"
1055_479.298_5.575,Triterpenoids,Unclassified 3 (m/z 479.298),,no_matches,no_matches,87.0,no_matches,no_matches,,1055,479.298,5.575,Connected,,,5.5746,,0.019110091,34,82,479.2982,1055_479.298_5.575,0.879049073,4,0.00294,"s.Foregut,s.Hindgut",0.824621125,2,0.00298,s.Herbivores,0.971825316,13,0.00319,"s.Artiodactyla,s.Perissodactyla",0.793732759,182,0.00319,"s.Donkey,s.Goat"
775_479.298_5.654,Triterpenoids,Unclassified 4 (m/z 479.298),,no_matches,no_matches,87.0,no_matches,no_matches,,775,479.298,5.654,Connected,,,5.6544,,0.018145112,36,82,479.2981,775_479.298_5.654,0.904534034,4,0.00294,"s.Foregut,s.Hindgut",0.848528137,2,0.00298,s.Herbivores,1.0,13,0.00319,"s.Artiodactyla,s.Perissodactyla",0.787525241,220,0.00319,"s.Goat,s.Sheep"
307_479.298_5.802,Triterpenoids,Unclassified 5 (m/z 479.298),,no_matches,no_matches,87.0,no_matches,no_matches,,307,479.298,5.802,Connected,,,5.8021,,0.0301824,36,82,479.2981,307_479.298_5.802,0.904534034,4,0.00294,"s.Foregut,s.Hindgut",0.848528137,2,0.00298,s.Herbivores,1.0,13,0.00319,"s.Artiodactyla,s.Perissodactyla",0.816085051,218,0.00319,"s.Goat,s.Rhino"
632_465.319_4.427,Triterpenoids,Wheat straw 1 (m/z 465.319),,no_matches,no_matches,87.0,no_matches,no_matches,,632,465.319,4.427,Connected,,,4.4271,,0.03306836,43,82,465.319,632_465.319_4.427,0.899265739,4,0.00294,"s.Foregut,s.Hindgut",0.820907501,2,0.00298,s.Herbivores,0.990103122,13,0.00319,"s.Artiodactyla,s.Perissodactyla",0.838239607,195,0.00319,"s.Donkey,s.Zebra"
716_465.319_4.772,Triterpenoids,Wheat straw 2 (m/z 465.319),,no_matches,no_matches,87.0,no_matches,no_matches,,716,465.319,4.772,Connected,,,4.7722,,0.055072993,44,82,465.319,716_465.319_4.772,0.901139775,4,0.01764,"s.Foregut,s.Hindgut",0.831666346,2,0.00596,s.Herbivores,0.993548543,13,0.00319,"s.Artiodactyla,s.Perissodactyla",0.869414557,195,0.00638,"s.Donkey,s.Zebra"
19535_447.309_4.846,Triterpenoids,Wheat straw 3 (m/z 447.309),,no_matches,no_matches,87.0,no_matches,no_matches,,19535,447.309,4.846,Connected,,,4.8462,,0.022832376,40,82,447.3088,19535_447.309_4.846,0.888354894,4,0.00294,"s.Foregut,s.Hindgut",0.806660027,2,0.00298,s.Herbivores,0.978799618,13,0.00319,"s.Artiodactyla,s.Perissodactyla",0.724176547,182,0.00319,"s.Donkey,s.Goat"
608_479.298_4.849,Triterpenoids,Wheat straw 4 (m/z 479.298),,no_matches,no_matches,87.0,no_matches,no_matches,,608,479.298,4.849,Connected,,,4.8493,,0.163541658,38,82,479.2981,608_479.298_4.849,0.903482612,4,0.00588,"s.Foregut,s.Hindgut",0.84616403,2,0.00298,s.Herbivores,0.998176749,13,0.00319,"s.Artiodactyla,s.Perissodactyla",0.913365518,195,0.00319,"s.Donkey,s.Zebra"
2573_461.287_4.877,Triterpenoids,Wheat straw 5 (m/z 461.287),,no_matches,no_matches,87.0,no_matches,no_matches,,2573,461.287,4.877,Connected,,,4.8774,,0.028456486,36,82,461.2873,2573_461.287_4.877,0.864225133,4,0.02646,"s.Foregut,s.Hindgut",0.807786834,2,0.00298,s.Herbivores,0.953867204,13,0.00319,"s.Artiodactyla,s.Perissodactyla",0.854086013,195,0.00319,"s.Donkey,s.Zebra"
316_463.303_5.956,Triterpenoids,Wheat straw 6 (m/z 463.303),,no_matches,no_matches,87.0,no_matches,no_matches,,316,463.303,5.956,Connected,,,5.9563,,0.058014666,47,82,463.3033,316_463.303_5.956,0.925795948,1,0.00294,s.Foregut,0.826331245,2,0.00596,s.Herbivores,0.996950966,13,0.00319,"s.Artiodactyla,s.Perissodactyla",0.839671759,220,0.00319,"s.Goat,s.Sheep"
558_463.303_6.035,Triterpenoids,Wheat straw 7 (m/z 463.303),,no_matches,no_matches,87.0,no_matches,no_matches,,558,463.303,6.035,Connected,,,6.0349,,0.034450175,45,82,463.3033,558_463.303_6.035,0.902235157,4,0.00294,"s.Foregut,s.Hindgut",0.823377992,2,0.00298,s.Herbivores,0.99515878,13,0.00319,"s.Artiodactyla,s.Perissodactyla",0.725989578,182,0.49126,"s.Donkey,s.Goat"
352_463.303_6.12,Triterpenoids,Wheat straw 8 (m/z 463.303),,no_matches,no_matches,87.0,no_matches,no_matches,,352,463.303,6.12,Connected,,,6.1199,,0.045411979,40,82,463.3033,352_463.303_6.12,0.904185418,4,0.00294,"s.Foregut,s.Hindgut",0.845052565,2,0.00298,s.Herbivores,0.999274517,13,0.00319,"s.Artiodactyla,s.Perissodactyla",0.764263852,182,0.00319,"s.Donkey,s.Goat"
415_463.303_6.203,Triterpenoids,Wheat straw 9 (m/z 463.303),,no_matches,no_matches,87.0,no_matches,no_matches,,415,463.303,6.203,Connected,,,6.203,,0.026650624,38,82,463.3033,415_463.303_6.203,0.944228618,1,0.00294,s.Foregut,0.848528137,2,0.00298,s.Herbivores,1.0,13,0.00319,"s.Artiodactyla,s.Perissodactyla",0.918415084,220,0.00319,"s.Goat,s.Sheep"
