log2FoldChange,lfcSE,pvalue,padj,Domain,Phylum,CAZy,CAZy_module
-1.152842029,0.061982297,3.24e-77,5.35e-76,Bacteria,Proteobacteria,GH013,GH
-1.553119888,0.203655418,2.42e-14,5.5e-14,Bacteria,Proteobacteria,GT020,GT
-2.667947365,0.199151916,6.33e-41,2.99e-40,Bacteria,Proteobacteria,GH018,GH
-2.549268796,0.189787061,3.91e-41,1.88e-40,Bacteria,Proteobacteria,GH103,GH
-2.31514789,0.151391142,8.58e-53,6.66e-52,Bacteria,Proteobacteria,GH020,GH
-3.051436546,0.149449636,1.16e-92,3.07e-91,Bacteria,Proteobacteria,GH005,GH
-1.390132007,0.090616109,4.08e-53,3.36e-52,Bacteria,Proteobacteria,CE010,CE
-1.709607572,0.086098225,9.69e-88,2.13e-86,Bacteria,Proteobacteria,CBM048,CBM
-0.773261056,0.378145267,0.040866856,0.047950445,Bacteria,Proteobacteria,GH101,GH
-1.478605033,0.088996531,5.5e-62,5.38e-61,Bacteria,Proteobacteria,GT002,GT
-1.14281825,0.08034919,6.58e-46,4.14e-45,Bacteria,Proteobacteria,GT004,GT
-2.209693323,0.117442553,5.68e-79,1e-77,Bacteria,Proteobacteria,GT051,GT
-1.798403194,0.095250628,1.64e-79,3.1e-78,Bacteria,Proteobacteria,GH003,GH
-0.156356108,0.178918477,0.382174993,0.411813054,Bacteria,Proteobacteria,GH094,GH
0.302966658,0.348245766,0.384311638,0.412432002,Bacteria,Fusobacteria,GT009,GT
-0.747519982,0.142507794,1.56e-07,2.74e-07,Bacteria,Fusobacteria,GT051,GT
-1.372732215,0.485715283,0.004710273,0.006065912,Bacteria,Proteobacteria,AA010,AA
-2.859430596,0.210466668,4.84e-42,2.56e-41,Bacteria,Proteobacteria,GH026,GH
-5.258788205,0.389431077,1.49e-41,7.4e-41,Bacteria,Chlorobi,GH032,GH
-2.053177821,0.204781746,1.17e-23,3.51e-23,Bacteria,Proteobacteria,GH008,GH
0.505893401,0.087766698,8.21e-09,1.53e-08,Bacteria,Proteobacteria,GT001,GT
-2.079610856,0.168024364,3.49e-35,1.37e-34,Bacteria,Proteobacteria,GH023,GH
-1.901395314,0.256501928,1.24e-13,2.79e-13,Bacteria,Proteobacteria,GH019,GH
0.078939688,0.032346026,0.014667935,0.01801086,Bacteria,Firmicutes,CBM048,CBM
0.112734779,0.055190303,0.041086549,0.047994907,Bacteria,Firmicutes,GH038,GH
-0.068701174,0.061666265,0.265244716,0.292989979,Bacteria,Bacteroidetes,GH003,GH
-1.348848743,0.080344241,2.97e-63,3.01e-62,Bacteria,Proteobacteria,GT026,GT
0.129652457,0.059365251,0.028963795,0.034443432,Bacteria,Bacteroidetes,CBM048,CBM
-2.218502843,0.250187886,7.49e-19,1.92e-18,Bacteria,Proteobacteria,CE001,CE
-1.271145563,0.07564946,2.32e-63,2.45e-62,Bacteria,Proteobacteria,GT035,GT
-3.72840366,0.388371261,7.99e-22,2.24e-21,Bacteria,Proteobacteria,CBM005,CBM
1.148281211,0.327156506,0.000448303,0.000626201,Bacteria,Proteobacteria,CBM050,CBM
-1.984858556,0.108021822,2.1e-75,2.92e-74,Bacteria,Proteobacteria,GT028,GT
1.181636946,0.117874779,1.19e-23,3.53e-23,Bacteria,Firmicutes,GH023,GH
-2.269390733,0.174303354,9.44e-39,4.09e-38,Bacteria,Proteobacteria,GT019,GT
-2.146566263,0.354352822,1.38e-09,2.67e-09,Bacteria,Proteobacteria,GT025,GT
-1.590465511,0.165591624,7.63e-22,2.17e-21,Bacteria,Proteobacteria,GH038,GH
-2.683890032,0.168495891,4.02e-57,3.66e-56,Bacteria,Proteobacteria,GT009,GT
0.791065036,0.243074647,0.001136274,0.001554281,Bacteria,Proteobacteria,GH063,GH
0.211833481,0.311211112,0.496077449,0.517646034,Bacteria,Fusobacteria,GH005,GH
-1.832291153,0.118214569,3.48e-54,3.07e-53,Bacteria,Proteobacteria,GH102,GH
-1.692573325,0.238421571,1.26e-12,2.74e-12,Bacteria,Proteobacteria,PL008,PL
-2.261049286,0.150980837,1.06e-50,7.35e-50,Bacteria,Proteobacteria,GT030,GT
-0.193999982,0.296196026,0.512486046,0.532662662,Bacteria,Proteobacteria,CBM015,CBM
0.607559619,0.124518899,1.06e-06,1.78e-06,Bacteria,Firmicutes,GH018,GH
0.213288653,0.027882249,2.02e-14,4.63e-14,Bacteria,Firmicutes,GH031,GH
0.45476659,0.138935454,0.001063289,0.001462023,Bacteria,Proteobacteria,GH032,GH
-1.599224722,0.17649689,1.29e-19,3.38e-19,Bacteria,Fusobacteria,GT002,GT
1.258745082,0.133550421,4.29e-21,1.19e-20,Bacteria,Bacteroidetes,GH026,GH
-0.402840584,0.083921308,1.58e-06,2.6e-06,Bacteria,Bacteroidetes,GT019,GT
2.209189935,0.241018887,4.91e-20,1.34e-19,Bacteria,Bacteroidetes,GH023,GH
-0.711137897,0.278680852,0.010716791,0.013408686,Bacteria,Firmicutes,CBM005,CBM
0.908353721,0.06703711,7.92e-42,4.02e-41,Bacteria,Firmicutes,GT051,GT
-0.121755336,0.083119776,0.142970603,0.164105388,Bacteria,Bacteroidetes,GH031,GH
-0.336084448,0.306318802,0.27256616,0.299822776,Bacteria,Fusobacteria,GT019,GT
-0.29106883,0.072617919,6.12e-05,9.01e-05,Bacteria,Bacteroidetes,GH095,GH
0.858180847,0.138331355,5.51e-10,1.09e-09,Bacteria,Bacteroidetes,GT009,GT
1.018189532,0.075112486,7.35e-42,3.8e-41,Bacteria,Firmicutes,GH005,GH
-1.750982791,0.128484149,2.73e-42,1.47e-41,Bacteria,Proteobacteria,GT005,GT
0.667919265,0.043922689,3.19e-52,2.41e-51,Bacteria,Firmicutes,GT002,GT
0.214458069,0.089129183,0.016121701,0.019704301,Bacteria,Bacteroidetes,GH020,GH
0.187068368,0.041911688,8.07e-06,1.25e-05,Bacteria,Firmicutes,GT005,GT
0.642356549,0.476931895,0.17802799,0.200852091,Bacteria,Proteobacteria,GH016,GH
0.525445863,0.092813626,1.5e-08,2.77e-08,Bacteria,Bacteroidetes,GH077,GH
0.377776541,0.126444349,0.002810943,0.003747924,Bacteria,Bacteroidetes,GH033,GH
-4.604853817,0.386287056,9.22e-33,3.38e-32,Bacteria,Proteobacteria,GH073,GH
0.049408869,0.295122894,0.867041205,0.883779452,Bacteria,Fusobacteria,GT028,GT
0.612205162,0.085179397,6.61e-13,1.45e-12,Bacteria,Proteobacteria,GH004,GH
0.987267527,0.045035315,1.6e-106,7.04e-105,Bacteria,Firmicutes,GT004,GT
0.431480457,0.054732833,3.19e-15,7.38e-15,Bacteria,Firmicutes,GT035,GT
-0.450811798,0.070974628,2.13e-10,4.23e-10,Bacteria,Bacteroidetes,GH029,GH
0.787691641,0.172571351,5.01e-06,7.87e-06,Bacteria,Bacteroidetes,GH006,GH
-3.011984573,0.299147777,7.61e-24,2.34e-23,Bacteria,Proteobacteria,GH033,GH
0.518529495,0.13128487,7.83e-05,0.000114155,Bacteria,Fusobacteria,GT005,GT
-0.137956872,0.054618697,0.011542936,0.014306737,Bacteria,Firmicutes,GH077,GH
-0.176636394,0.061101935,0.003842042,0.005046264,Bacteria,Bacteroidetes,CE001,CE
0.665177777,0.195099533,0.000650993,0.000899802,Bacteria,Firmicutes,AA010,AA
-0.50416983,0.224721683,0.02486266,0.030102774,Bacteria,Fusobacteria,GT030,GT
1.57164935,0.180384574,2.97e-18,7.53e-18,Bacteria,Fusobacteria,GH088,GH
-0.238182371,0.065000204,0.000247984,0.000351978,Bacteria,Firmicutes,GH065,GH
1.014632539,0.120151462,3.05e-17,7.46e-17,Bacteria,Bacteroidetes,GH005,GH
-0.411552381,0.081417732,4.31e-07,7.43e-07,Bacteria,Bacteroidetes,GT051,GT
-0.332456368,0.079453949,2.86e-05,4.32e-05,Bacteria,Bacteroidetes,GT028,GT
-0.133437895,0.047977491,0.005414829,0.006939392,Bacteria,Bacteroidetes,GT002,GT
-0.286771299,0.071561938,6.14e-05,9.01e-05,Bacteria,Fusobacteria,CBM048,CBM
-0.347307151,0.054352814,1.66e-10,3.32e-10,Bacteria,Bacteroidetes,GH065,GH
-0.369487229,0.146143728,0.011463415,0.014275196,Bacteria,Bacteroidetes,GH038,GH
-0.06058238,0.097267175,0.533386337,0.551751503,Bacteria,Bacteroidetes,GH057,GH
2.188805354,0.258210049,2.31e-17,5.71e-17,Bacteria,Firmicutes,CBM018,CBM
-0.923490928,0.090329813,1.56e-24,4.95e-24,Bacteria,Spirochaetes,GH013,GH
-2.601421243,0.145004029,5.71e-72,6.85e-71,Bacteria,Proteobacteria,GH006,GH
-0.087710573,0.06761023,0.194528893,0.217608593,Bacteria,Fusobacteria,GT035,GT
1.155194713,0.112011572,6.14e-25,1.98e-24,Bacteria,Bacteroidetes,GH030,GH
-0.923199463,0.165274975,2.33e-08,4.26e-08,Bacteria,Spirochaetes,GH057,GH
-0.801597355,0.094114094,1.63e-17,4.07e-17,Bacteria,Firmicutes,GH057,GH
-0.123211553,0.108084319,0.254303922,0.283275255,Bacteria,Bacteroidetes,GT030,GT
1.940947516,0.084426526,5.9e-117,3.89e-115,Bacteria,Firmicutes,GH032,GH
1.675609024,0.108745803,1.44e-53,1.22e-52,Bacteria,Firmicutes,CBM006,CBM
0.73353534,0.126343286,6.4e-09,1.2e-08,Bacteria,Actinobacteria,GT026,GT
-0.40885748,0.073461976,2.61e-08,4.76e-08,Bacteria,Bacteroidetes,GT005,GT
0.380382581,0.054102409,2.05e-12,4.41e-12,Bacteria,Bacteroidetes,GH032,GH
0.712056,0.059716456,8.88e-33,3.3e-32,Bacteria,Firmicutes,GH003,GH
1.06661432,0.073928997,3.47e-47,2.24e-46,Bacteria,Firmicutes,GH043,GH
-0.516009004,0.088534857,5.6e-09,1.07e-08,Bacteria,Firmicutes,GH094,GH
0.174506275,0.036578861,1.84e-06,2.99e-06,Bacteria,Firmicutes,GH013,GH
0.376006014,0.057738722,7.41e-11,1.5e-10,Bacteria,Firmicutes,GH051,GH
0.06188651,0.046654023,0.184674502,0.207464122,Bacteria,Firmicutes,GH029,GH
-0.00167702,0.115505891,0.988415992,0.988415992,Bacteria,Firmicutes,GT036,GT
1.943778066,0.089026288,1.11e-105,4.18e-104,Bacteria,Firmicutes,GT001,GT
1.325401946,0.086619974,7.49e-53,5.99e-52,Bacteria,Firmicutes,GT039,GT
0.439191093,0.113382021,0.000107261,0.000154737,Bacteria,Bacteroidetes,PL011,PL
0.506104314,0.07155222,1.51e-12,3.28e-12,Bacteria,Proteobacteria,GH043,GH
-1.561746084,0.170714221,5.78e-20,1.54e-19,Bacteria,Proteobacteria,GH037,GH
3.745219155,0.450505242,9.3e-17,2.23e-16,Bacteria,Proteobacteria,GT008,GT
-0.159642438,0.222116806,0.472306113,0.500758289,Bacteria,Proteobacteria,GH029,GH
-0.282641729,0.066209368,1.96e-05,2.98e-05,Bacteria,Actinobacteria,CBM048,CBM
-0.559053599,0.057123907,1.28e-22,3.77e-22,Bacteria,Actinobacteria,GT035,GT
2.269286264,0.123343107,1.36e-75,1.99e-74,Bacteria,Firmicutes,GH033,GH
0.199845179,0.089143314,0.024971619,0.030102774,Bacteria,Bacteroidetes,GH051,GH
2.332701888,0.129341324,1.03e-72,1.3e-71,Bacteria,Firmicutes,GH020,GH
0.445487313,0.092052035,1.3e-06,2.16e-06,Bacteria,Bacteroidetes,GH043,GH
0.823249805,0.058688671,1.06e-44,6.08e-44,Bacteria,Firmicutes,GT026,GT
3.127034417,0.134734424,3.7e-119,3.26e-117,Bacteria,Firmicutes,GH101,GH
0.692912229,0.066178697,1.18e-25,3.9e-25,Bacteria,Firmicutes,GT028,GT
-0.132507033,0.059786248,0.026667791,0.032001349,Bacteria,Actinobacteria,GH029,GH
1.022192177,0.080050681,2.43e-37,9.88e-37,Bacteria,Actinobacteria,GH003,GH
-0.28128751,0.061593261,4.95e-06,7.83e-06,Bacteria,Actinobacteria,GH013,GH
-0.232301738,0.089780956,0.009669547,0.012156002,Bacteria,Actinobacteria,GT051,GT
-0.706915281,0.116713344,1.39e-09,2.67e-09,Bacteria,Actinobacteria,GT030,GT
-0.614374254,0.306485545,0.045008155,0.052114706,Bacteria,Actinobacteria,GT039,GT
-0.07935615,0.127922948,0.53503176,0.551751503,Bacteria,Actinobacteria,GT036,GT
-0.570782937,0.115835655,8.33e-07,1.4e-06,Bacteria,Actinobacteria,GT087,GT
2.519067201,0.181180686,6.02e-44,3.38e-43,Bacteria,Firmicutes,PL008,PL
1.475746188,0.115305184,1.67e-37,6.89e-37,Bacteria,Firmicutes,GH088,GH
2.037841433,0.107192135,1.38e-80,2.8e-79,Bacteria,Firmicutes,GH026,GH
0.638317107,0.132080926,1.35e-06,2.22e-06,Bacteria,Firmicutes,CE001,CE
0.312556755,0.082824047,0.000160816,0.000229488,Bacteria,Bacteroidetes,GH105,GH
0.711118586,0.15691,5.84e-06,9.13e-06,Bacteria,Bacteroidetes,PL008,PL
3.913718906,0.218657684,1.2e-71,1.38e-70,Bacteria,Bacteroidetes,GH028,GH
1.290879813,0.098979215,7.06e-39,3.11e-38,Bacteria,Bacteroidetes,GH018,GH
0.467465701,0.121214635,0.000115016,0.000165024,Bacteria,Bacteroidetes,GH063,GH
0.337146981,0.066787986,4.46e-07,7.65e-07,Bacteria,Bacteroidetes,GT004,GT
1.012193865,0.10963504,2.65e-20,7.28e-20,Bacteria,Firmicutes,GH028,GH
-0.691353823,0.062915694,4.34e-28,1.53e-27,Bacteria,Spirochaetes,GT035,GT
1.091955235,0.134775532,5.41e-16,1.26e-15,Bacteria,Bacteroidetes,GH068,GH
-0.216818252,0.041682715,1.98e-07,3.45e-07,Bacteria,Bacteroidetes,CE010,CE
1.2932888,0.127723987,4.25e-24,1.32e-23,Bacteria,Firmicutes,GH066,GH
0.119868998,0.057711567,0.037798244,0.04454793,Bacteria,Bacteroidetes,GH013,GH
-0.48254942,0.0697486,4.57e-12,9.57e-12,Bacteria,Proteobacteria,GH031,GH
0.193936992,0.182207619,0.287159457,0.314564716,Bacteria,Bacteroidetes,GH059,GH
2.25839515,0.149056614,7.43e-52,5.45e-51,Bacteria,Bacteroidetes,GH084,GH
0.171806926,0.126697233,0.17508541,0.198380035,Bacteria,Firmicutes,GT009,GT
-0.502377628,0.071504482,2.13e-12,4.53e-12,Bacteria,Bacteroidetes,GH130,GH
-0.619062096,0.157699644,8.65e-05,0.000125505,Bacteria,Actinobacteria,GH023,GH
-0.103912242,0.074495901,0.163054459,0.185544729,Bacteria,Proteobacteria,GH127,GH
0.353608656,0.048410824,2.79e-13,6.18e-13,Bacteria,Bacteroidetes,GT026,GT
-1.257234926,0.125159539,9.66e-24,2.93e-23,Bacteria,Bacteroidetes,GH015,GH
-0.210297066,0.050666337,3.32e-05,4.97e-05,Bacteria,Actinobacteria,GH031,GH
0.728393243,0.158250159,4.17e-06,6.63e-06,Bacteria,Actinobacteria,GH026,GH
-0.258424607,0.057931669,8.16e-06,1.26e-05,Bacteria,Actinobacteria,GT004,GT
3.180855149,0.182543438,5.31e-68,5.84e-67,Bacteria,Actinobacteria,GH101,GH
1.119068662,0.077255431,1.5e-47,9.9e-47,Bacteria,Actinobacteria,GH043,GH
-0.078082118,0.109758886,0.476838392,0.501535202,Bacteria,Actinobacteria,GH038,GH
0.330815502,0.071422111,3.62e-06,5.8e-06,Bacteria,Actinobacteria,GT002,GT
1.113603317,0.079162676,6.03e-45,3.62e-44,Bacteria,Firmicutes,CBM050,CBM
0.64988726,0.126145771,2.58e-07,4.48e-07,Bacteria,Actinobacteria,GH095,GH
3.741032844,0.385332086,2.77e-22,8.04e-22,Bacteria,Actinobacteria,CBM050,CBM
1.421306164,0.243955157,5.67e-09,1.07e-08,Bacteria,Firmicutes,CBM015,CBM
0.297703723,0.100245863,0.00298056,0.00395411,Bacteria,Bacteroidetes,GH088,GH
4.998416715,0.248290265,3.92e-90,9.41e-89,Bacteria,Bacteroidetes,GH121,GH
2.874274812,0.203035893,1.7e-45,1.05e-44,Bacteria,Actinobacteria,GH020,GH
-0.314456439,0.101588426,0.001965501,0.002647409,Bacteria,Bacteroidetes,CBM006,CBM
-0.692329202,0.137860184,5.11e-07,8.66e-07,Bacteria,Spirochaetes,GT051,GT
-0.289636886,0.105017619,0.005815909,0.007417391,Bacteria,Spirochaetes,GT036,GT
4.809432999,0.259127516,6.76e-77,1.05e-75,Bacteria,Firmicutes,GH073,GH
-0.483551267,0.069210027,2.81e-12,5.94e-12,Bacteria,Actinobacteria,CE010,CE
1.547318394,0.116785652,4.56e-40,2.08e-39,Bacteria,Actinobacteria,GH032,GH
1.702960312,0.124073961,7.16e-43,3.94e-42,Bacteria,Actinobacteria,GH005,GH
0.385920313,0.109114691,0.000404957,0.000571705,Bacteria,Actinobacteria,GH008,GH
3.333685496,0.25732545,2.2e-38,9.21e-38,Bacteria,Actinobacteria,CBM042,CBM
-1.03983656,0.155709176,2.42e-11,4.99e-11,Bacteria,Proteobacteria,GH105,GH
-1.072522107,0.087995561,3.59e-34,1.37e-33,Bacteria,Spirochaetes,CBM048,CBM
-1.948049604,0.212871717,5.63e-20,1.52e-19,Bacteria,Proteobacteria,GH077,GH
0.976068242,0.142035363,6.33e-12,1.32e-11,Bacteria,Bacteroidetes,GH101,GH
0.863968372,0.117464825,1.91e-13,4.27e-13,Bacteria,Firmicutes,GH063,GH
-1.65202007,0.5233936,0.0015975,0.00216277,Bacteria,Fusobacteria,GH073,GH
0.019819432,0.066925636,0.767122317,0.784962371,Bacteria,Bacteroidetes,GT003,GT
0.864004119,0.068123874,7.36e-37,2.94e-36,Bacteria,Firmicutes,GH095,GH
5.131612251,0.215220246,1.18e-125,1.56e-123,Bacteria,Firmicutes,GH068,GH
0.424332396,0.080165696,1.2e-07,2.14e-07,Bacteria,Bacteroidetes,PL012,PL
0.007103871,0.127995991,0.955739546,0.959373536,Bacteria,Bacteroidetes,GT025,GT
0.069794435,0.062276048,0.262404181,0.291070184,Bacteria,Actinobacteria,GT005,GT
0.687865649,0.083177323,1.34e-16,3.19e-16,Bacteria,Firmicutes,GH105,GH
0.67510722,0.063188961,1.21e-26,4.1e-26,Bacteria,Firmicutes,CE010,CE
-0.784059581,0.077197241,3.1e-24,9.74e-24,Bacteria,Proteobacteria,GH065,GH
2.774769133,0.133010719,1.2e-96,3.98e-95,Bacteria,Actinobacteria,GH018,GH
2.762209915,0.096132738,1.46e-181,3.87e-179,Bacteria,Actinobacteria,GT001,GT
-0.223240745,0.097351422,0.021839765,0.026570037,Bacteria,Actinobacteria,GT028,GT
-1.018822898,0.122201028,7.6e-17,1.84e-16,Bacteria,Firmicutes,GH130,GH
-0.416731031,0.102894826,5.12e-05,7.59e-05,Bacteria,Firmicutes,GH037,GH
0.611139632,0.116501098,1.56e-07,2.74e-07,Bacteria,Actinobacteria,GH127,GH
1.568480355,0.145335022,3.75e-27,1.29e-26,Bacteria,Bacteroidetes,GH066,GH
0.37887659,0.125545263,0.002545761,0.003411578,Bacteria,Bacteroidetes,GH008,GH
0.216105525,0.098311413,0.027936757,0.033372415,Bacteria,Bacteroidetes,GH097,GH
2.371830569,0.161297928,6.02e-49,4.07e-48,Bacteria,Bacteroidetes,CBM020,CBM
0.700069553,0.064732287,2.93e-27,1.02e-26,Bacteria,Actinobacteria,GH051,GH
-1.02112983,0.165494611,6.82e-10,1.33e-09,Bacteria,Bacteroidetes,GT020,GT
-0.078704328,0.104882571,0.453011267,0.48419018,Bacteria,Actinobacteria,GH077,GH
0.170192436,0.10891187,0.118132128,0.136187257,Bacteria,Fusobacteria,GT004,GT
0.432422111,0.122987777,0.00043814,0.000615261,Bacteria,Tenericutes,CBM048,CBM
0.177831931,0.085354268,0.037209605,0.044050833,Bacteria,Firmicutes,GH127,GH
1.199241726,0.138371255,4.44e-18,1.12e-17,Bacteria,Firmicutes,GH019,GH
-0.103075117,0.144792606,0.476538416,0.501535202,Bacteria,Spirochaetes,GT002,GT
3.15141854,0.139723442,1.21e-112,6.38e-111,Bacteria,Firmicutes,GH016,GH
0.611261724,0.131842387,3.55e-06,5.71e-06,Bacteria,Spirochaetes,GH031,GH
-0.305810126,0.106302034,0.004017249,0.005250266,Bacteria,Firmicutes,GT030,GT
-0.099669557,0.108491373,0.358259587,0.387625127,Bacteria,Bacteroidetes,GT036,GT
-0.183259513,0.179326506,0.306813037,0.334705132,Bacteria,Fibrobacteres,GH005,GH
-1.144056516,0.085448826,7.03e-41,3.26e-40,Bacteria,Actinobacteria,GH065,GH
-1.181513557,0.087837313,3.03e-41,1.48e-40,Bacteria,Proteobacteria,GH057,GH
2.379294908,0.203417546,1.33e-31,4.8e-31,Bacteria,Bacteroidetes,GH016,GH
0.609826475,0.104638871,5.61e-09,1.07e-08,Bacteria,Firmicutes,GH008,GH
-0.334340228,0.071078299,2.55e-06,4.14e-06,Bacteria,Fusobacteria,GH013,GH
0.016488551,0.112240817,0.883208315,0.896796135,Bacteria,Tenericutes,GT035,GT
0.996774969,0.149384223,2.51e-11,5.14e-11,Bacteria,Firmicutes,PL011,PL
-0.498719163,0.174037763,0.004162459,0.005413247,Bacteria,Firmicutes,CBM020,CBM
-0.152238288,0.106710862,0.153682867,0.175637563,Bacteria,Fibrobacteres,PL011,PL
-0.376419932,0.084616506,8.65e-06,1.33e-05,Bacteria,Firmicutes,GT019,GT
0.325817862,0.130729211,0.012691483,0.015656782,Bacteria,Spirochaetes,GH077,GH
-0.15326842,0.058750709,0.009086227,0.011477339,Bacteria,Firmicutes,GH030,GH
2.625885321,0.145449837,7.4e-73,9.77e-72,Bacteria,Firmicutes,GH004,GH
-0.308529116,0.153481273,0.044409294,0.051647814,Bacteria,Actinobacteria,GH030,GH
1.214392994,0.377617292,0.001300199,0.001769343,Bacteria,Actinobacteria,GH121,GH
-1.520887952,0.126675018,3.3e-33,1.24e-32,Bacteria,Fibrobacteres,GT051,GT
1.14250865,0.20610284,2.97e-08,5.36e-08,Bacteria,Firmicutes,GH079,GH
-0.667689869,0.132510409,4.69e-07,7.98e-07,Bacteria,Bacteroidetes,GT010,GT
1.762009543,0.125546852,9.56e-45,5.61e-44,Bacteria,Bacteroidetes,GH019,GH
1.057666877,0.116591246,1.17e-19,3.1e-19,Bacteria,Firmicutes,GH006,GH
-0.01908532,0.191602526,0.920654813,0.927682712,Bacteria,Proteobacteria,GH088,GH
0.645402441,0.120075019,7.66e-08,1.38e-07,Bacteria,Actinobacteria,GH105,GH
0.012900036,0.119303391,0.913894167,0.924398697,Bacteria,Bacteroidetes,GH037,GH
-3.112315557,0.293443781,2.79e-26,9.32e-26,Bacteria,Proteobacteria,GH066,GH
-0.926236895,0.112447904,1.77e-16,4.16e-16,Bacteria,Fibrobacteres,GT035,GT
-2.190009455,0.145646242,4.23e-51,3.02e-50,Bacteria,Actinobacteria,GT020,GT
2.180774229,0.132893083,1.62e-60,1.53e-59,Bacteria,Actinobacteria,GH004,GH
0.288526335,0.110459108,0.008999722,0.011422725,Bacteria,Tenericutes,GH013,GH
-1.040840658,0.108315287,7.3e-22,2.09e-21,Bacteria,Synergistetes,GT051,GT
0.870251479,0.202763092,1.77e-05,2.7e-05,Bacteria,Actinobacteria,GH033,GH
-1.057099599,0.101521989,2.17e-25,7.09e-25,Bacteria,Fibrobacteres,GT002,GT
0.03169504,0.067298173,0.637666194,0.655034534,Bacteria,Bacteroidetes,GT035,GT
-3.051436546,0.149449636,1.16e-92,3.07e-91,Bacteria,Proteobacteria,GH009,GH
-1.372732215,0.485715283,0.004710273,0.006065912,Bacteria,Proteobacteria,CBM073,CBM
0.211833481,0.311211112,0.496077449,0.517646034,Bacteria,Fusobacteria,GH009,GH
1.013001718,0.077257605,2.81e-39,1.26e-38,Bacteria,Firmicutes,GH009,GH
1.068067116,0.119217103,3.28e-19,8.48e-19,Bacteria,Bacteroidetes,GH009,GH
-0.443549737,0.10803958,4.04e-05,6.02e-05,Bacteria,Firmicutes,GT084,GT
0.665177777,0.195099533,0.000650993,0.000899802,Bacteria,Firmicutes,CBM073,CBM
1.328953177,0.120783405,3.71e-28,1.32e-27,Bacteria,Actinobacteria,GH009,GH
0.978114111,0.152097641,1.27e-10,2.56e-10,Bacteria,Bacteroidetes,GT006,GT
-0.174032161,0.177888542,0.327915405,0.356253774,Bacteria,Fibrobacteres,GH009,GH
-1.125614501,0.091311714,6.47e-35,2.51e-34,Bacteria,Proteobacteria,GT003,GT
-0.056176201,0.07621414,0.461071447,0.490817992,Bacteria,Fusobacteria,GH031,GH
3.333685496,0.25732545,2.2e-38,9.21e-38,Bacteria,Actinobacteria,GH054,GH
0.29751509,0.102495941,0.003699594,0.004883465,Bacteria,Fusobacteria,GH077,GH
